n,r2,mae,rmse,mdae,ks_d,calibration_slope,calibration_intercept,fold,model,target,site_id,site_name
544,-0.0024152632386247,1.231647902562942,1.4365021593303269,1.2278439363098137,0.5147058823529411,-0.2539538426623371,-12.267418447856988,0,RandomForest,d18O_measurement,2,Kesang cave
116,-0.6771244417065718,0.9599113618693422,1.06919612138269,0.965810650414527,0.8620689655172413,-1.9186326500356603,-13.757471272320942,1,RandomForest,d18O_measurement,4,Villars cave
72,-50.99587062261138,3.3506184398000207,3.3826065892697934,3.3367292779578923,1.0,15.952583871161972,120.60743831795304,2,RandomForest,d18O_measurement,14,Lehman caves
812,-0.8026512391119225,0.6699093969058963,0.8065974832469837,0.6286282601104434,0.7881773399014779,6.283954911662318,34.61479557491715,3,RandomForest,d18O_measurement,29,Mairs cave
1168,-0.9574123308634436,0.9638705107307892,1.1572377158044946,0.8936167127975323,0.7448630136986302,4.1144908725676,13.037067180803415,4,RandomForest,d18O_measurement,70,Abaco Island cave
518,-0.0307795946017628,0.5282825931569766,0.6329080432678822,0.485688730354112,0.4749034749034749,-1.562383655976797,-13.109405460440124,5,RandomForest,d18O_measurement,79,Dim cave
234,-317.8467225006607,4.084051268713276,4.091078868892737,4.111157561811018,1.0,0.1431939169424521,-5.942449028035352,6,RandomForest,d18O_measurement,104,Liang Luar
1004,-0.6066238323705477,0.4540680305495141,0.5416936475798766,0.4148343250080986,0.6165338645418327,-3.4946327472498555,-23.66819858609213,7,RandomForest,d18O_measurement,117,Bunker cave
287,-31.23551337287895,4.504683335898593,4.582247192281949,4.251978272395299,1.0,-7.439038856864122,-67.02431421021926,8,RandomForest,d18O_measurement,137,Kinderlinskaya cave
644,-0.1642180742873507,0.8335472872748318,1.0532128479263674,0.6857950211347921,0.5015527950310559,-0.3469167698081195,-4.054144472454026,9,RandomForest,d18O_measurement,144,Botuverá cave
1477,-14.163790324301807,2.940069022895345,3.023733058828922,3.102481648251377,1.0,1.570158526180519,4.965869653640383,10,RandomForest,d18O_measurement,177,Santo Tomas cave
1595,-11.29198216690026,0.9535595892703724,1.0066766441098938,0.885257000033902,1.0,-4.462567396681362,-39.80574468776104,11,RandomForest,d18O_measurement,179,Closani cave
116,-0.0074200204856773,0.528112882738537,0.6417337349075111,0.4924319441428966,0.5,0.883507216474428,-0.3945818130169796,12,RandomForest,d18O_measurement,182,Kotumsar cave
44,-22.54614161589144,0.7896725696086896,0.8066917008488189,0.773035499980022,1.0,2.464421278142108,7.239657744737547,13,RandomForest,d18O_measurement,201,Moondyne cave
255,-30.44570084454714,2.702423648179785,2.7459945220398194,2.723831373913559,1.0,1.4540462460670658,-1.4237903005637935,14,RandomForest,d18O_measurement,232,Rio Secreto cave system
244,-21.16938779803021,1.411535343689278,1.446156241003284,1.4244132425450742,1.0,-3.46797366689086,-29.63791020066987,15,RandomForest,d18O_measurement,259,Cobre cave
119,-1.51151558050679,0.6342233587709851,0.7568902535921804,0.5458291080100679,0.8319327731092437,1.4762479669558497,3.4779603270559267,16,RandomForest,d18O_measurement,268,Pere Noel cave
424,-18.219842190819644,2.2666789419939364,2.325375380022244,2.2855430778811767,1.0,2.1950170441250094,10.53304833141685,17,RandomForest,d18O_measurement,269,Gejkar cave
213,-11.74896434486524,0.9555647337941012,0.9960426577401122,0.9602048097578136,1.0,0.3280214048091771,-5.194792312967755,18,RandomForest,d18O_measurement,270,Gol-E-Zard cave
131,-0.9073071618128364,0.7893754849505552,1.014262570427894,0.5903874328599041,0.7480916030534351,-12.732504886032734,-72.12458638741303,19,RandomForest,d18O_measurement,271,Jersey cave
43,-1.601833175041511,1.298018650515771,1.6017447400007847,1.0376795789172233,0.8837209302325582,-11.013154396821108,-52.65175861575915,20,RandomForest,d18O_measurement,298,Belum cave
79,-0.5125632268423319,0.3851040640346998,0.4612259557899878,0.3880585909930127,0.7468354430379747,0.4653615303495654,-2.852162211739035,21,RandomForest,d18O_measurement,300,Careys cave
377,-0.4809264987756245,0.7355994482267819,0.9142412004261312,0.6142633041462924,0.2652519893899204,-1.739983277452968,-11.461950346913202,22,RandomForest,d18O_measurement,305,Cueva Rosa
86,-32.27626638763737,2.783880879913404,2.8198305249974758,2.889526499310086,1.0,7.948216455937621,30.55099892862041,23,RandomForest,d18O_measurement,309,Goda Mea cave
90,-0.0823729137679794,0.347380097347583,0.4345579904132576,0.2933709757192981,0.6333333333333333,-81.4848197580111,-500.4484716566949,24,RandomForest,d18O_measurement,313,Herbstlabyrinth cave
46,-45.16005863673411,2.335695032466569,2.361284371741617,2.338462272479628,1.0,0.9117517931315712,-2.842120851344066,25,RandomForest,d18O_measurement,315,Huangchao cave
662,-5.578054654701083,0.8797347904246865,0.9352072342554628,0.9566511661730032,0.9486404833836858,0.8302941400238117,-0.1651926127047867,26,RandomForest,d18O_measurement,316,Hüttenbläserschachthöhle
27,-1.1209175202014698,0.9435226296063836,1.1232714481151294,0.9987714859649196,0.6666666666666666,4.490694502887621,27.890192411626924,27,RandomForest,d18O_measurement,320,Katalekhor
125,-0.5597575693851231,0.7460249514374361,0.90057609276391,0.6854469652404074,0.696,-0.9667139221426576,-8.03800276800912,28,RandomForest,d18O_measurement,324,La Vallina
1880,-29.99364837160238,2.8990903735361893,2.9512333043781203,2.836674264058177,1.0,0.0103931711129335,-0.6740482105546832,29,RandomForest,d18O_measurement,325,Larga cave
99,-4.54109900228003,1.8561284859702392,2.077855115566912,2.1532624814280554,1.0,-6.917806338889047,-57.238287671240045,30,RandomForest,d18O_measurement,337,Pir Ghar cave
76,-0.3006311592579302,0.4316291318691942,0.5320723798989893,0.3255229976340854,0.6842105263157895,-10.694735801040224,-52.32953335153803,31,RandomForest,d18O_measurement,338,Coves del pirata
930,-0.1322280398581885,0.4497629653814282,0.5343771202475761,0.4181447022468165,0.6118279569892473,-0.5319622758529715,-6.947383043901381,32,RandomForest,d18O_measurement,342,Sa balma des quartó cave
182,-6.088906806592665,1.1120955809082087,1.2015423076265217,1.0318104802691404,0.9945054945054944,-8.976860645571769,-43.67533379304447,33,RandomForest,d18O_measurement,357,Yonderup cave
251,-1.9648515451517208,0.7430539540268095,0.8656929472430634,0.7308637031854603,0.9163346613545816,44.73540382878869,267.3351917643119,34,RandomForest,d18O_measurement,359,Zoolithen cave
688,-1.0288866359351825,0.8735389142980408,0.9834790320134252,0.8578368215542183,0.8357558139534884,-6.180890693778442,-57.61219012727493,35,RandomForest,d18O_measurement,360,Bigonda cave
317,-230.33446384044947,2.8871869079016226,2.892752240627984,2.876876951675539,1.0,1.0048812860798206,2.9196708389180395,36,RandomForest,d18O_measurement,361,Kocain cave
124,-13.995452110113805,0.508390825478465,0.5262968194368758,0.5248805706719681,1.0,0.3721316988985038,-2.8886405722120205,37,RandomForest,d18O_measurement,362,Labyrinth cave
941,-92.71228356139532,4.002951535864398,4.025945259137175,3.976516769432532,1.0,-1.3044618431780708,-16.04047720777864,38,RandomForest,d18O_measurement,363,Lake Shasta cave
390,-0.7785343286964856,1.5854245862343008,1.9019907931605835,1.5228408575594692,0.764102564102564,12.914472924193811,52.02851791960652,39,RandomForest,d18O_measurement,364,Naharon
574,-0.0707400467457535,0.511405647314052,0.6277465341783938,0.4563222908499877,0.5400696864111498,-6.249951137540218,-43.14092541849689,40,RandomForest,d18O_measurement,366,Savi cave
544,-0.1257102921973174,1.316454237839755,1.52228429235975,1.1798892593383783,0.5992647058823529,3.089855847761177,22.574023702084094,0,XGBoost,d18O_measurement,2,Kesang cave
116,-1.5058069906540923,1.210190718793274,1.3069185997420014,1.1917451344720948,0.8448275862068966,0.6954100202248594,-0.5931582572043697,1,XGBoost,d18O_measurement,4,Villars cave
72,-59.013485815014384,3.603441753387451,3.6340549489823775,3.552115993499756,1.0,0.4094712411695344,-8.349670609444157,2,XGBoost,d18O_measurement,14,Lehman caves
812,-3.4390926145523557,1.1337326370765424,1.2657505065439254,1.123247308731079,0.913793103448276,0.4416120206301929,-2.794437486390599,3,XGBoost,d18O_measurement,29,Mairs cave
1168,-1.0815848181153611,0.978757818733176,1.193379231041078,0.8280408382415769,0.5445205479452054,0.563731016795859,-0.8570463626184348,4,XGBoost,d18O_measurement,70,Abaco Island cave
518,0.0116876327754289,0.5155472101778598,0.6197332870555791,0.4879758338928224,0.3571428571428571,0.751247502981562,-1.3839027359993352,5,XGBoost,d18O_measurement,79,Dim cave
234,-384.1408325352825,4.479765701334701,4.496314241409176,4.487503035068512,1.0,0.0976668837289099,-6.079844580923569,6,XGBoost,d18O_measurement,104,Liang Luar
1004,-0.8335844090402411,0.4912098140830537,0.5786914874650488,0.4774617958068847,0.4701195219123506,-1.407215857756832,-12.535397581393806,7,XGBoost,d18O_measurement,117,Bunker cave
287,-33.19756852618957,4.622001040854106,4.719639557516574,4.331457157135009,1.0,-2.474779644064217,-29.95684584666444,8,XGBoost,d18O_measurement,137,Kinderlinskaya cave
644,-1.4654396641616154,1.3014160790058398,1.5326612204970302,1.281574010848999,0.7298136645962733,0.3246291407448122,-2.35103269131578,9,XGBoost,d18O_measurement,144,Botuverá cave
1477,-10.933312853310971,2.589848403039621,2.682378602964798,2.656152744293213,0.9451591062965472,0.7008685270792026,1.6317819210143385,10,XGBoost,d18O_measurement,177,Santo Tomas cave
1595,-5.529483054938142,0.5911716083299403,0.7336998520276429,0.4968278121948248,0.2626959247648903,-0.3147911387544473,-10.682543799337306,11,XGBoost,d18O_measurement,179,Closani cave
116,-1.5929053453837354,0.8575173488978682,1.0295392610141882,0.788490767478943,0.7931034482758621,1.4212679724846615,0.5050061413402251,12,XGBoost,d18O_measurement,182,Kotumsar cave
44,-42.38720604621512,1.0755533958604568,1.095036398806243,1.0793546181030274,1.0,-0.5345954111119126,-6.122222356196039,13,XGBoost,d18O_measurement,201,Moondyne cave
255,-36.17189547726866,2.937852986541449,2.9855639695480103,2.970219850540161,1.0,0.2084254827126109,-4.980635161043526,14,XGBoost,d18O_measurement,232,Rio Secreto cave system
244,-27.52865657497868,1.610910743263846,1.6405105456858655,1.605331105634766,1.0,0.4527446182010639,-4.959081382151331,15,XGBoost,d18O_measurement,259,Cobre cave
119,-0.6436191517737655,0.4900468354746073,0.6123018492850468,0.4019702377319332,0.453781512605042,-0.2372483777263099,-6.840598650335441,16,XGBoost,d18O_measurement,268,Pere Noel cave
424,-41.79999167205264,3.391271226325125,3.4700841256507853,3.400696228027344,1.0,-0.313744741675399,-7.173808213927808,17,XGBoost,d18O_measurement,269,Gejkar cave
213,-0.3981716571487674,0.2619078860866665,0.3298532232426857,0.2297734090747063,0.3990610328638497,0.5199654610454425,-3.84100776653895,18,XGBoost,d18O_measurement,270,Gol-E-Zard cave
131,-0.3010615745845788,0.6657409467871992,0.8377009432755897,0.5762666500351266,0.4732824427480916,-1.450381670998944,-11.852367466274275,19,XGBoost,d18O_measurement,271,Jersey cave
43,-1.1149609932220872,1.122453165027707,1.4441249257033155,0.9464397300720212,0.3953488372093023,-1.0395612938977938,-10.661296911074412,20,XGBoost,d18O_measurement,298,Belum cave
79,-1.2738211875077572,0.4777231523368708,0.5655032759501685,0.4687466895722654,0.7468354430379747,0.0547791832131703,-4.844556165699669,21,XGBoost,d18O_measurement,300,Careys cave
377,-0.5371318794869038,0.7953519099863453,0.931428670100775,0.7679883193969728,0.2254641909814323,-0.2511663544351052,-5.340878758719116,22,XGBoost,d18O_measurement,305,Cueva Rosa
86,-39.18811668533524,3.077742704034225,3.098878426963795,3.088169325655576,1.0,1.3055030274355806,-1.70183193245148,23,XGBoost,d18O_measurement,309,Goda Mea cave
90,-0.2505147242183203,0.3775489876236243,0.4670933528857744,0.3324618507260979,0.3666666666666666,-3.199558457640959,-24.871667084781155,24,XGBoost,d18O_measurement,313,Herbstlabyrinth cave
46,-85.5776704767952,3.217326535763948,3.233836547194964,3.21531005859375,1.0,0.953714960591252,-3.442133957595675,25,XGBoost,d18O_measurement,315,Huangchao cave
662,-1.015866061334041,0.4398183786891234,0.5177140550216327,0.416206645965576,0.6359516616314199,0.4983830397641273,-2.4204223883415694,26,XGBoost,d18O_measurement,316,Hüttenbläserschachthöhle
27,-2.303384969763173,1.193979942237856,1.4018528350848405,1.5000123139545352,0.8518518518518519,0.4258504551232056,-5.69061044330514,27,XGBoost,d18O_measurement,320,Katalekhor
125,-0.519430378639439,0.7170279198881262,0.8888577540402762,0.6591399002075193,0.408,0.3128536888048381,-2.492110560554728,28,XGBoost,d18O_measurement,324,La Vallina
1880,-47.47526296592411,3.6486409707221577,3.690857511825693,3.603864135742187,1.0,0.1504073321126127,-0.0557660964978804,29,XGBoost,d18O_measurement,325,Larga cave
99,-8.891478317974995,2.6112510355924954,2.7761818377247023,2.9307037925720216,1.0,-1.572304967222073,-18.661177904824445,30,XGBoost,d18O_measurement,337,Pir Ghar cave
76,0.0958838229686226,0.3704269950434698,0.4436145254551776,0.3117000468144466,0.3289473684210526,1.1373210353888736,0.5615318186108169,31,XGBoost,d18O_measurement,338,Coves del pirata
930,-0.3619673613606879,0.4479938785053446,0.5860899201576745,0.3497304201211717,0.1881720430107527,-0.1336607577933463,-5.215400583696853,32,XGBoost,d18O_measurement,342,Sa balma des quartó cave
182,-3.938678364544736,0.8524047862713153,1.0028934745929523,0.804946856842041,0.8571428571428571,-1.1766089895461112,-8.344523547024021,33,XGBoost,d18O_measurement,357,Yonderup cave
251,-0.878564914614653,0.5710722300165069,0.6890893003700198,0.5111190294227734,0.7410358565737052,-1.3088016396706084,-15.186385337843852,34,XGBoost,d18O_measurement,359,Zoolithen cave
688,-0.5742322932440915,0.62480677582725,0.8663046048628463,0.4274661476072587,0.5406976744186046,-1.2278363520537527,-15.992929315903703,35,XGBoost,d18O_measurement,360,Bigonda cave
317,-442.0156084429419,3.997568626644484,4.003138199646814,3.996560440063477,1.0,-0.1133237297091312,-4.647580680241476,36,XGBoost,d18O_measurement,361,Kocain cave
124,-8.462559398978758,0.3885699977522727,0.4180760341561841,0.3960666383480169,0.9112903225806452,0.2727277420924661,-3.2324132213824823,37,XGBoost,d18O_measurement,362,Labyrinth cave
941,-136.22717866864008,4.85084436135895,4.8718024820751165,4.83900065422058,1.0,0.0110544094558551,-9.17815440829861,38,XGBoost,d18O_measurement,363,Lake Shasta cave
390,-0.16982171861598,1.2883342919006346,1.542542449479452,1.1385018585586548,0.5974358974358974,1.47330009550251,2.422114781730282,39,XGBoost,d18O_measurement,364,Naharon
574,-0.5491503820383754,0.6273159942097623,0.7550732588070433,0.55913433797449,0.5261324041811847,-0.3649838676166846,-8.381084982883587,40,XGBoost,d18O_measurement,366,Savi cave
544,-0.4585249167728653,1.3761523441707268,1.7327638312584583,1.0709166442773386,0.5533088235294118,1.514050460975944,3.2310151706200685,0,CatBoost,d18O_measurement,2,Kesang cave
116,0.0772277794355533,0.629025683962041,0.7930891098461516,0.5234146230808494,0.4482758620689655,1.2120355347474965,1.1447195747455163,1,CatBoost,d18O_measurement,4,Villars cave
72,-44.19976668406936,3.119404330101464,3.1538073416699244,3.096271618200772,1.0,0.5986861041035642,-6.5391164639522295,2,CatBoost,d18O_measurement,14,Lehman caves
812,-2.741233392989437,1.0410231212868817,1.162006099979291,1.0548233645791405,0.8805418719211823,1.0274351510418172,1.213345553816156,3,CatBoost,d18O_measurement,29,Mairs cave
1168,0.0620376043755069,0.6364781831006476,0.8010767608088051,0.5355135939165465,0.3852739726027397,0.8432784902886006,-0.582726730334072,4,CatBoost,d18O_measurement,70,Abaco Island cave
518,-0.0058300296851969,0.5125405883909411,0.6252014943575246,0.4311049916635805,0.4420849420849421,0.873687912933179,-0.4741567489981078,5,CatBoost,d18O_measurement,79,Dim cave
234,-266.87566091957046,3.738178686096397,3.7498465949570896,3.766493295034672,1.0,-0.6455318793636408,-7.876453586528083,6,CatBoost,d18O_measurement,104,Liang Luar
1004,0.1185580606959533,0.3278655559000381,0.4012300902404231,0.2865066626690726,0.3754980079681275,1.0035759192953309,0.0390199444215557,7,CatBoost,d18O_measurement,117,Bunker cave
287,-30.763701184211364,4.485505181836045,4.548589758113302,4.258276795786829,1.0,2.7310764560941108,8.372170826528954,8,CatBoost,d18O_measurement,137,Kinderlinskaya cave
644,-0.5433073953051197,1.0272895071915598,1.2126213162952852,0.922896176206858,0.5993788819875776,-0.1853647454355219,-3.3388458572823025,9,CatBoost,d18O_measurement,144,Botuverá cave
1477,-12.268141385663997,2.7336771205485326,2.828424615338847,2.9069937379442443,0.964793500338524,0.7267206173091045,1.819104998700927,10,CatBoost,d18O_measurement,177,Santo Tomas cave
1595,-0.924354263130128,0.3174896477231417,0.3983103073258209,0.2593307737040486,0.4075235109717868,-0.199048217452912,-9.628415008036608,11,CatBoost,d18O_measurement,179,Closani cave
116,-0.444950535362038,0.6303332306678648,0.7685569805984227,0.5468946450845389,0.6551724137931034,3.2676804206692105,10.466289321514491,12,CatBoost,d18O_measurement,182,Kotumsar cave
44,-15.51532935982825,0.6531280938323969,0.6756026318040758,0.6564675266913664,1.0,-0.1882928907880144,-4.418405770668043,13,CatBoost,d18O_measurement,201,Moondyne cave
255,-27.455882912495472,2.563554054208012,2.6121917883617978,2.619387313100111,1.0,0.1812516709945989,-4.982919136570889,14,CatBoost,d18O_measurement,232,Rio Secreto cave system
244,-30.9257554219609,1.7019129230291148,1.7354374180443903,1.704734305237614,1.0,-0.0569990214713195,-8.072563883103387,15,CatBoost,d18O_measurement,259,Cobre cave
119,-2.0355547031406998,0.7143226767744151,0.832116256008013,0.7134680924397863,0.7058823529411765,0.7159113757205908,-1.0559075618565972,16,CatBoost,d18O_measurement,268,Pere Noel cave
424,-8.804699718607482,1.543047560919186,1.6608687357846463,1.5529008574057983,0.9056603773584906,0.0136495334900952,-4.5661783155376,17,CatBoost,d18O_measurement,269,Gejkar cave
213,-8.783377786057894,0.8175612754663395,0.8725390994150946,0.8175886632451057,0.8685446009389671,0.3720444440207073,-4.843210087089078,18,CatBoost,d18O_measurement,270,Gol-E-Zard cave
131,-0.0766068427128454,0.6132371977945494,0.7620239953446807,0.5440684671650633,0.4274809160305343,-0.4072904554133764,-6.577879145258493,19,CatBoost,d18O_measurement,271,Jersey cave
43,-1.8263697712244664,1.310017961213387,1.6694294587637386,1.0232086167435668,0.5348837209302325,-0.9293247739569696,-9.653583791450446,20,CatBoost,d18O_measurement,298,Belum cave
79,-7.87327503155435,1.0643593375117435,1.1171177234962146,1.1054131592777572,1.0,2.0778966864567336,3.2868661135292525,21,CatBoost,d18O_measurement,300,Careys cave
377,-0.2471123864943623,0.7178550125991946,0.8389707759356029,0.6838986731692205,0.3076923076923077,0.0108293013410443,-4.218628084984753,22,CatBoost,d18O_measurement,305,Cueva Rosa
86,-21.854375556209103,2.3109510788303296,2.3369014131435493,2.3662249186284936,1.0,2.1119020018154586,3.5493802070890297,23,CatBoost,d18O_measurement,309,Goda Mea cave
90,0.0228139493840346,0.3277709528373764,0.4129028794390676,0.2917000778929184,0.5,3.3805133456607592,14.469064962803335,24,CatBoost,d18O_measurement,313,Herbstlabyrinth cave
46,-74.11833722642216,2.9916588953161303,3.0122297942735723,3.029463128056262,1.0,0.269658212009388,-6.703759016815385,25,CatBoost,d18O_measurement,315,Huangchao cave
662,-1.8499715563059256,0.5469335154027343,0.615572743344949,0.5323261976166695,0.7371601208459214,0.5806718793190239,-1.884071978030398,26,CatBoost,d18O_measurement,316,Hüttenbläserschachthöhle
27,-2.5852028817977963,1.3417969363526216,1.4604264787974954,1.405358735604608,0.7777777777777778,2.1227645275163374,7.305876422198811,27,CatBoost,d18O_measurement,320,Katalekhor
125,-0.2379875126741002,0.6775736254188003,0.8023243904063279,0.5935578302766733,0.384,0.5151505521036983,-1.6757716744872293,28,CatBoost,d18O_measurement,324,La Vallina
1880,-111.77186939513922,5.600265098934912,5.629470948825365,5.598439891255017,1.0,0.0853386054300561,-0.1729308817373687,29,CatBoost,d18O_measurement,325,Larga cave
99,-6.816609714779058,2.283227943468185,2.4678941073791734,2.5154559332254145,1.0,-0.3813218597743042,-11.355107279219224,30,CatBoost,d18O_measurement,337,Pir Ghar cave
76,-0.3732549379330969,0.4404586449505421,0.5467253643309614,0.3569430645230631,0.5263157894736842,-1.1875465310825348,-9.563930954896142,31,CatBoost,d18O_measurement,338,Coves del pirata
930,-0.0083625893608065,0.4195518698252682,0.5043003442190263,0.3734741997756692,0.4483870967741935,0.7777112563548195,-1.0885807130359764,32,CatBoost,d18O_measurement,342,Sa balma des quartó cave
182,-2.1146996695213254,0.6649830252210948,0.7964481765446212,0.5937611751145293,0.8846153846153846,-1.5250632320697268,-9.502396233838754,33,CatBoost,d18O_measurement,357,Yonderup cave
251,-2.127450955006591,0.769095897041299,0.889114426490186,0.7668052160527976,0.8884462151394422,1.0578026763038884,-0.3915876293073355,34,CatBoost,d18O_measurement,359,Zoolithen cave
688,0.1590276599362848,0.504675054341554,0.6331798276395084,0.4133900029000137,0.188953488372093,1.0020570557208428,-0.133038156272935,35,CatBoost,d18O_measurement,360,Bigonda cave
317,-96.68303654781192,1.862905384166836,1.8797523885932537,1.891440282422423,1.0,0.2212431633642722,-2.5218911427843,36,CatBoost,d18O_measurement,361,Kocain cave
124,-26.9673809762025,0.7039753120390491,0.7187483531395857,0.7325284919484063,1.0,0.3441032434838081,-3.062197748300803,37,CatBoost,d18O_measurement,362,Labyrinth cave
941,-81.08594903682362,3.7438461002911434,3.767940332760874,3.741268501224888,1.0,0.3936192905162329,-7.068436805258271,38,CatBoost,d18O_measurement,363,Lake Shasta cave
390,-1.3373211634355844,1.808781918134908,2.18040153930858,1.7404170636831364,0.7794871794871795,-2.110698768772546,-12.54687764351571,39,CatBoost,d18O_measurement,364,Naharon
574,-1.3064147924343348,0.7456104633142842,0.921321079981331,0.672037972700215,0.6149825783972126,-0.6379690986615465,-10.238760152148888,40,CatBoost,d18O_measurement,366,Savi cave
544,-5.82492427877116,3.112805296077448,3.748274310495642,2.5856081581115724,0.8823529411764706,-0.8023985461051205,-15.14942310575648,0,BiLSTM,d18O_measurement,2,Kesang cave
116,-1.0286305868549943,0.9712838725973396,1.1759157714534183,0.8950986781294092,0.3534482758620689,-0.3737993790952137,-5.976932052733174,1,BiLSTM,d18O_measurement,4,Villars cave
72,-28.80152761602701,2.5267834117677475,2.560862888770299,2.488940448760987,1.0,1.7080593317212478,3.9264063433962217,2,BiLSTM,d18O_measurement,14,Lehman caves
812,-3.5272366403466284,1.1573336711141275,1.2782553078745147,1.109382209777832,0.708128078817734,0.3673014415011517,-4.12575649958361,3,BiLSTM,d18O_measurement,29,Mairs cave
1168,-5.245464957385781,1.8677450519718533,2.067111044616487,1.814525895118713,0.8681506849315068,0.2349068013513388,-2.802921673926559,4,BiLSTM,d18O_measurement,70,Abaco Island cave
518,-1.1116502522606226,0.7286174249317655,0.90587589395972,0.6270028190612793,0.5077220077220077,-0.2597562989277104,-6.344881822972906,5,BiLSTM,d18O_measurement,79,Dim cave
234,-508.9075540693743,5.169106878622984,5.173597003621039,5.189571018218994,1.0,3.1885653444689344,-2.796861133322168,6,BiLSTM,d18O_measurement,104,Liang Luar
1004,-7.000723823630802,1.1383901077057736,1.20881900640122,1.1873217487335208,0.8854581673306773,0.5063465779784548,-1.9294902345992424,7,BiLSTM,d18O_measurement,117,Bunker cave
287,-24.493984156153957,3.982555506702916,4.075023091425465,3.874038887023925,1.0,-1.7782816989521029,-26.015748235042416,8,BiLSTM,d18O_measurement,137,Kinderlinskaya cave
644,-1.6634441448633237,1.323049356952217,1.5930183426492497,1.1717734050750732,0.8167701863354038,0.2398539285436871,-1.9184924229282143,9,BiLSTM,d18O_measurement,144,Botuverá cave
1477,-14.411735250877458,2.6099048395679865,3.048353532027586,2.797093734741211,0.6574136763710223,0.1040926230268242,-0.2851360146013401,10,BiLSTM,d18O_measurement,177,Santo Tomas cave
1595,-88.1322710411363,2.679752862577528,2.7107940144955616,2.6464390754699707,1.0,-0.4883736557812194,-10.69650120544414,11,BiLSTM,d18O_measurement,179,Closani cave
116,-3.556917858463548,1.16452685701436,1.364850808892786,1.1548911094665526,0.7758620689655172,-0.3524379186347759,-5.78490270929748,12,BiLSTM,d18O_measurement,182,Kotumsar cave
44,-5.641962678350258,0.4022714336391379,0.4284458382325439,0.396024107265625,1.0,1.2027294018047343,1.2166474063315094,13,BiLSTM,d18O_measurement,201,Moondyne cave
255,-50.20886643759371,3.4674659849428666,3.504221972695581,3.497336778640747,1.0,0.1694076940522292,-5.171047200148308,14,BiLSTM,d18O_measurement,232,Rio Secreto cave system
244,-14.39101547455743,1.1510385502400398,1.2049582607564735,1.143202490725708,0.9795081967213116,0.0503214969195467,-7.39801032923941,15,BiLSTM,d18O_measurement,259,Cobre cave
119,-1.8895771451157637,0.6929136048324971,0.8118618262665004,0.6977310562133789,0.7478991596638656,0.5312242451502277,-2.215586924188851,16,BiLSTM,d18O_measurement,268,Pere Noel cave
424,-3.685000623257542,0.8782471579965556,1.148082211025634,0.6585691947937011,0.2783018867924528,0.1124404585285102,-4.064029665568606,17,BiLSTM,d18O_measurement,269,Gejkar cave
213,-19.851293358660733,1.1986848831310932,1.273816835309887,1.2731374142387697,0.971830985915493,-0.1273907780333769,-9.393973023862118,18,BiLSTM,d18O_measurement,270,Gol-E-Zard cave
131,-1.6408521750602678,0.98161649898292,1.193471699113119,0.8099462358155174,0.1679389312977099,-0.1944092698794561,-5.519528037788417,19,BiLSTM,d18O_measurement,271,Jersey cave
43,-0.7352215577441901,1.0237357641619305,1.3080701953789928,0.7901368774414061,0.6511627906976745,-0.2934412809536932,-6.89599970946824,20,BiLSTM,d18O_measurement,298,Belum cave
79,-2.972827708630294,0.6663130807109467,0.7474924944414731,0.6712833136328129,0.8860759493670886,1.5441037903827666,1.7617462596985716,21,BiLSTM,d18O_measurement,300,Careys cave
377,-1.416603036750014,0.9738230786048344,1.167875896667572,0.8758872985839847,0.1405835543766578,-0.429574694983602,-6.043315077529794,22,BiLSTM,d18O_measurement,305,Cueva Rosa
86,-34.37547181832813,2.860860125871965,2.9074136952495304,2.980372937660393,1.0,-3.6442717145463,-24.784783465393147,23,BiLSTM,d18O_measurement,309,Goda Mea cave
90,-4.856912878918696,0.9256324053355696,1.010866173659167,0.9486108939205548,0.9888888888888888,7.371791999311789,31.131672200601702,24,BiLSTM,d18O_measurement,313,Herbstlabyrinth cave
46,-0.2108357887703689,0.2987895633863366,0.3824350966438279,0.3139689636230467,0.5,-0.6765069289924641,-13.615146557663998,25,BiLSTM,d18O_measurement,315,Huangchao cave
662,-11.594977160340685,0.9832170450075732,1.2940701244954709,0.6556817364501955,0.418429003021148,-0.2223424081959722,-6.503764775526801,26,BiLSTM,d18O_measurement,316,Hüttenbläserschachthöhle
27,-0.7286160561894977,0.945377369683324,1.0140797288144023,0.8001158609711396,0.6296296296296297,-1.7436489138378692,-24.074013336083816,27,BiLSTM,d18O_measurement,320,Katalekhor
125,-0.0271759927297352,0.6131646848808945,0.7308265107616092,0.5616767692565916,0.48,0.6938271287491544,-1.0701639708679291,28,BiLSTM,d18O_measurement,324,La Vallina
1880,-46.31473530365758,3.1387693473531844,3.646409168631165,3.862427644729614,0.7579787234042553,-0.0393022145512973,-0.8593850545393158,29,BiLSTM,d18O_measurement,325,Larga cave
99,-3.0850835330146884,1.467295039440644,1.7840941852092576,1.308241778448279,0.6060606060606061,-0.8751286177575351,-15.562120208147512,30,BiLSTM,d18O_measurement,337,Pir Ghar cave
76,-0.4926990961298516,0.4542322946041375,0.5700064537937851,0.3456496899026895,0.6447368421052632,-0.0776441436249863,-4.597769108073638,31,BiLSTM,d18O_measurement,338,Coves del pirata
930,-2.5161971794317552,0.7523937066012633,0.9417107168402122,0.6338819172239467,0.4548387096774193,-0.0496845861665761,-4.852706860483158,32,BiLSTM,d18O_measurement,342,Sa balma des quartó cave
182,-2.298511759609886,0.6983499196574452,0.8196122716715877,0.6100829691696166,0.9065934065934066,1.957645697150532,4.593352085918511,33,BiLSTM,d18O_measurement,357,Yonderup cave
251,-2.386017768903458,0.8084204866845657,0.9251390642833331,0.7913921655771485,0.8884462151394422,0.1629987320032858,-5.846154418542287,34,BiLSTM,d18O_measurement,359,Zoolithen cave
688,-1.4590044116811005,0.9332432321862496,1.0827192749274603,0.8801502995973447,0.5930232558139535,-0.1114125276141806,-8.348069217562125,35,BiLSTM,d18O_measurement,360,Bigonda cave
317,-37.9248785709252,1.158031855983313,1.1866009803702795,1.173967399597168,1.0,-0.2579956615004902,-5.03839482374476,36,BiLSTM,d18O_measurement,361,Kocain cave
124,-12.250971010622289,0.4667801368917803,0.4947374830604799,0.496743362014163,1.0,-1.3710102014833987,-9.553943019301329,37,BiLSTM,d18O_measurement,362,Labyrinth cave
941,-109.41797295585408,4.292792935589294,4.370081034195519,4.238983116149903,1.0,-0.2264371943085417,-10.343705413551902,38,BiLSTM,d18O_measurement,363,Lake Shasta cave
390,-1.6220622008322847,1.9989053703376571,2.309397967023457,2.0125896566009525,0.7,0.8489223597184146,1.1322423375812836,39,BiLSTM,d18O_measurement,364,Naharon
574,-3.9040636810823663,1.2106813782181605,1.3434464223549272,1.1972422378309142,0.926829268292683,0.8357795122313414,-1.997257249353644,40,BiLSTM,d18O_measurement,366,Savi cave
544,-4.5539614789900975,2.6004903601548257,3.381301361547711,1.76360969543457,0.4595588235294117,-0.6923109157849321,-15.081677307474369,0,Transformer,d18O_measurement,2,Kesang cave
116,-0.4725236017079377,0.8979870199304346,1.0018572901678418,0.8707217305317481,0.6896551724137931,1.2053906271951138,1.6865896505110465,1,Transformer,d18O_measurement,4,Villars cave
72,-38.93225814020543,2.930526586108737,2.964346716166256,2.9368300628662105,1.0,4.976874151816406,31.708714827688603,2,Transformer,d18O_measurement,14,Lehman caves
812,-13.960169057295754,2.2422569827798555,2.323642212627088,2.304595947265625,0.9802955665024632,0.4843426087240638,-1.9485621867688976,3,Transformer,d18O_measurement,29,Mairs cave
1168,-4.305761679630031,1.5503335909341296,1.90526455853198,1.4055990600585937,0.5171232876712328,0.13057565764697,-2.85682256414918,4,Transformer,d18O_measurement,70,Abaco Island cave
518,-1.5879384550226727,0.8088994466199838,1.0028470021170235,0.6580359477996827,0.4247104247104247,0.0801199835939607,-4.785732575662503,5,Transformer,d18O_measurement,79,Dim cave
234,-335.0043199269777,4.188918329039191,4.199710015627736,4.236609115600586,1.0,-0.3565970911697729,-6.9890918991892015,6,Transformer,d18O_measurement,104,Liang Luar
1004,-26.57819385712205,1.9640397862894128,2.244292975990391,2.504146909713745,0.8745019920318725,-0.3239381861291646,-7.344077402598938,7,Transformer,d18O_measurement,117,Bunker cave
287,-25.5306288466552,3.995054930510837,4.157047531904071,3.839321746826173,1.0,-1.5223941218551065,-23.96740001872609,8,Transformer,d18O_measurement,137,Kinderlinskaya cave
644,-9.663668251698835,2.996072368769912,3.187515405947701,3.1654438591003418,0.9860248447204968,0.2376227235975122,-1.5123379107107624,9,Transformer,d18O_measurement,144,Botuverá cave
1477,-19.686402395956705,3.206067780013334,3.531685701216105,3.445383377075196,0.7962085308056872,0.0182202806926412,-0.5439047871990393,10,Transformer,d18O_measurement,177,Santo Tomas cave
1595,-31.53169659121599,1.565780473176962,1.6376926069784297,1.5822449493408204,0.9774294670846396,-0.2929691741880206,-10.885150582191631,11,Transformer,d18O_measurement,179,Closani cave
116,-8.08635981883678,1.8081120227945255,1.927278811473427,1.8293422317504884,1.0,-0.3447711207405575,-5.979863225231746,12,Transformer,d18O_measurement,182,Kotumsar cave
44,-9.454833632736744,0.4876696524876264,0.5375344170121227,0.5009166391372679,0.9772727272727272,-0.1144504439134119,-4.084315641525365,13,Transformer,d18O_measurement,201,Moondyne cave
255,-83.75247227571806,4.478319760051427,4.508117376532229,4.518867783546448,1.0,-0.0531370680964028,-5.573782453115896,14,Transformer,d18O_measurement,232,Rio Secreto cave system
244,-1.5951232967985869,0.4204981378081217,0.4947859560782146,0.4014281182696533,0.1188524590163934,-0.2602482210659338,-9.743251206383809,15,Transformer,d18O_measurement,259,Cobre cave
119,-5.00317346305675,1.0429333562129688,1.170187408906764,1.0774511260986328,0.7226890756302521,0.3338226157315092,-3.301106698372052,16,Transformer,d18O_measurement,268,Pere Noel cave
424,-80.60338896728102,4.770576278632542,4.791508456269777,4.781644405364991,1.0,0.801676159144591,2.9021152942146458,17,Transformer,d18O_measurement,269,Gejkar cave
213,-28.14569179844095,1.48357390284201,1.5060093537413062,1.4621606277309578,1.0,0.6980251885655832,-1.4397288123799568,18,Transformer,d18O_measurement,270,Gol-E-Zard cave
131,-2.493831388352909,1.238379497688458,1.3727487288726077,1.232025683727617,0.6641221374045801,-0.0275809763156604,-4.777824301826511,19,Transformer,d18O_measurement,271,Jersey cave
43,-3.3789741011438723,1.7092475601906003,2.0779723829986945,1.776617491149902,0.6511627906976745,-0.4036881300908798,-7.1272176161519365,20,Transformer,d18O_measurement,298,Belum cave
79,-2.579430834584368,0.6286916011275,0.7095188829391741,0.6096360163540036,0.7341772151898734,0.8150374377520225,-1.4508812586655742,21,Transformer,d18O_measurement,300,Careys cave
377,-1.9220847849576892,1.1047962400492584,1.2842229988195282,1.0594246139526369,0.1114058355437665,-0.4018609088362326,-5.94434905359587,22,Transformer,d18O_measurement,305,Cueva Rosa
86,-2.1636939002632407,0.7500240027429483,0.8694666729297947,0.6396797077717218,0.9651162790697676,6.4059033957469,45.78942521053262,23,Transformer,d18O_measurement,309,Goda Mea cave
90,-5.129333749598653,0.948968387718322,1.0341080455806468,0.9120735031320328,0.9777777777777776,-4.674271232980882,-38.22163389354671,24,Transformer,d18O_measurement,313,Herbstlabyrinth cave
46,-27.127872154058537,1.8092771285513176,1.8432470883180088,1.752439832687378,1.0,0.4028551804617118,-5.550431639625852,25,Transformer,d18O_measurement,315,Huangchao cave
662,-4.924681569706647,0.7507564528384021,0.8875475420811647,0.6772308953094486,0.6797583081570997,-0.2559249951709321,-6.681048995322861,26,Transformer,d18O_measurement,316,Hüttenbläserschachthöhle
27,-17.856526533020748,3.26386534269385,3.349297137923684,3.1754419640817755,1.0,1.0374435784069391,-3.047439319687461,27,Transformer,d18O_measurement,320,Katalekhor
125,-1.560745802297569,0.9838641866540808,1.1539183973360023,0.93767128638502,0.696,0.4846719192522927,-1.542069768189838,28,Transformer,d18O_measurement,324,La Vallina
1880,-66.01912470014017,4.279327662315774,4.3397685496297616,4.2307532596588135,1.0,-0.2094575509424248,-1.7569566053122052,29,Transformer,d18O_measurement,325,Larga cave
99,-2.876255572382623,1.5888374398341916,1.737894900080566,1.8730545292799492,0.898989898989899,3.624158245882522,17.467603634889137,30,Transformer,d18O_measurement,337,Pir Ghar cave
76,-1.518382522734333,0.6247616400344111,0.740379672330009,0.6147821188699298,0.7894736842105263,1.0504989181709814,-0.3981437048124081,31,Transformer,d18O_measurement,338,Coves del pirata
930,-11.32134590353737,1.6730767996464126,1.7628281506289707,1.650301300025518,0.9698924731182796,0.0079585979617681,-4.543007883991095,32,Transformer,d18O_measurement,342,Sa balma des quartó cave
182,-0.3158113715909549,0.4045369881472744,0.5176619590836592,0.3181220627593994,0.5054945054945055,1.4450693707428974,1.9840460418398889,33,Transformer,d18O_measurement,357,Yonderup cave
251,-0.548075704757131,0.5164465784924056,0.6255449186247298,0.4814401034501951,0.6653386454183267,2.0319840469561283,6.239860884042455,34,Transformer,d18O_measurement,359,Zoolithen cave
688,-0.7614030013654833,0.74209262020861,0.9163588538675408,0.6366574012358015,0.2470930232558139,-0.6312048152023088,-12.211219161429147,35,Transformer,d18O_measurement,360,Bigonda cave
317,-42.60619919233154,1.2128000675165314,1.2559292837916969,1.224338779449463,0.9779179810725552,-0.0407481844382601,-3.970530277386856,36,Transformer,d18O_measurement,361,Kocain cave
124,-2.6394797052115027,0.2102535825056938,0.2592809530302812,0.1750640851565408,0.8225806451612904,-1.5928510266143123,-11.473631223144212,37,Transformer,d18O_measurement,362,Labyrinth cave
941,-128.3638431786876,4.689831026464415,4.730162488571434,4.669644985198975,1.0,0.103900940401927,-8.755158206026803,38,Transformer,d18O_measurement,363,Lake Shasta cave
390,-21.025299478764545,6.549125514981001,6.693267703420384,6.674854582977295,1.0,0.6058570063789191,2.7923043440145072,39,Transformer,d18O_measurement,364,Naharon
574,-0.3359153058528528,0.5987716553524983,0.7011836220209248,0.5496987229701142,0.229965156794425,0.2073199978539411,-4.812308757423489,40,Transformer,d18O_measurement,366,Savi cave
544,-1.0176056600080678,1.8000973000042375,2.1120909539529404,1.5860498495994315,0.4944852941176471,-0.1911084760106476,-8.279605726806155,0,RandomForest,d13C_measurement,2,Kesang cave
116,-5.022943909511652,2.5730445801733905,2.938428129822288,2.391520781994015,0.646551724137931,0.1185939161713884,-7.45230279693544,1,RandomForest,d13C_measurement,4,Villars cave
72,-20.420394466909883,4.320180071974786,4.424497420600583,4.156115796460064,1.0,1.6064931588146545,10.009616289881784,2,RandomForest,d13C_measurement,14,Lehman caves
812,-1.095757719132286,4.355238641481772,4.686465669506474,4.855556316321873,0.7512315270935961,7.484166968470874,43.850207618233874,3,RandomForest,d13C_measurement,29,Mairs cave
1168,-4.098927458326275,2.867964464672411,3.1174588539346573,2.8670132784775326,0.9083904109589042,0.7151755579495418,1.725037559514351,4,RandomForest,d13C_measurement,70,Abaco Island cave
518,-0.4014994855712559,1.858358197917454,2.21997837258542,1.6102861410356,0.3185328185328185,0.2584901907968842,-6.09354542766823,5,RandomForest,d13C_measurement,79,Dim cave
234,-5.267567310902065,1.9891879625547957,2.1364711037178545,2.0178135021906227,0.9658119658119658,1.1766457041849536,-0.3103775374693267,6,RandomForest,d13C_measurement,104,Liang Luar
1004,-4.980256694397562,1.4928449421036625,1.8335421069375928,1.390307099947043,0.5926294820717132,0.1814530467195403,-7.308019757909156,7,RandomForest,d13C_measurement,117,Bunker cave
287,-2.62387139051995,0.8885475441145859,1.047739092274064,0.871283558883313,0.7979094076655052,-0.9689210205430911,-17.25554837992304,8,RandomForest,d13C_measurement,137,Kinderlinskaya cave
644,-25.94527606903249,2.9300879584089725,3.2485226816927595,2.6934925589225527,0.5372670807453416,-0.0326853703526719,-5.788313594233571,9,RandomForest,d13C_measurement,144,Botuverá cave
1477,-21.38893826370173,5.402349097484073,5.523555485907738,5.355705113287248,1.0,1.295904851404021,8.105853544160587,10,RandomForest,d13C_measurement,177,Santo Tomas cave
1595,-100.00668574420972,3.0281425681367984,3.0438646331989574,3.061015636285104,1.0,0.3306170264889318,-8.184612642155633,11,RandomForest,d13C_measurement,179,Closani cave
116,-45.54520501313368,5.498680021028722,5.558534505803566,5.479887937213638,1.0,9.779996927528783,29.89402631936391,12,RandomForest,d13C_measurement,182,Kotumsar cave
44,-8.196122458984046,1.8269294027708047,1.92806378412158,1.7725557211031768,1.0,22.33920343748257,231.60999087868657,13,RandomForest,d13C_measurement,201,Moondyne cave
255,-26.61811173371879,4.747240971120494,4.838952115521883,4.895789871123228,1.0,0.1138312517863556,-8.928718746002014,14,RandomForest,d13C_measurement,232,Rio Secreto cave system
244,-2.475635447250189,1.6009864434449264,1.871907537188062,1.5371422089965263,0.9467213114754098,5.473807274459249,33.94689364209533,15,RandomForest,d13C_measurement,259,Cobre cave
119,-0.6991316225346027,1.234952979882977,1.6070846764987037,0.9791663073473592,0.6302521008403361,0.8955568675031316,0.1839799386759395,16,RandomForest,d13C_measurement,268,Pere Noel cave
424,-0.3641733291789488,1.333729157166625,1.590552490072833,1.2443009665706004,0.6155660377358491,1.105164828734095,1.56691336550956,17,RandomForest,d13C_measurement,269,Gejkar cave
213,-1.040872875820681,0.5431764726999335,0.6708311682038504,0.4571971464843631,0.7370892018779343,-3.173805322585282,-25.934965905560865,18,RandomForest,d13C_measurement,270,Gol-E-Zard cave
131,-4.560914419990077,2.0607192461959776,2.503232363204067,1.76677005065477,0.8015267175572519,-0.0321795891888577,-4.295013815341368,19,RandomForest,d13C_measurement,271,Jersey cave
43,-26.3356720790994,5.528833480641209,5.650790410543465,5.834771839002629,1.0,-1.016083155164896,-9.10036981583051,20,RandomForest,d13C_measurement,298,Belum cave
79,-2.6392285792066894,2.077776023688912,2.325072466517174,2.224219885695926,0.9113924050632912,44.67606709715921,437.201911076276,21,RandomForest,d13C_measurement,300,Careys cave
377,-0.6284041161379137,2.147345019764986,2.652196721500592,1.904637357024388,0.6551724137931034,-0.4897140777542338,-7.1969273689303925,22,RandomForest,d13C_measurement,305,Cueva Rosa
86,-16.189447890990657,3.599605457030062,3.6934705728375463,3.586006500027937,1.0,1.3136164928479357,5.622199232601414,23,RandomForest,d13C_measurement,309,Goda Mea cave
90,-16.11880281764231,1.7320528850665562,1.7860683796240608,1.7964177268117032,1.0,-11.503206881868929,-80.0765575939403,24,RandomForest,d13C_measurement,313,Herbstlabyrinth cave
46,-7.917635171947644,2.9763297038349834,3.1512136574942997,2.9183989229863108,1.0,4.1461091713115215,37.074077462636666,25,RandomForest,d13C_measurement,315,Huangchao cave
662,0.0712438155016194,0.711917253200955,0.8821242301788734,0.6282455455794649,0.3716012084592145,1.0801381642703254,0.7267309554926751,26,RandomForest,d13C_measurement,316,Hüttenbläserschachthöhle
27,-66.37397865743885,3.9156082765819353,4.0451200003244585,4.025224837430912,1.0,0.091032331974776,-2.7426925007005547,27,RandomForest,d13C_measurement,320,Katalekhor
125,-3.502088530540133,2.2295508461616365,2.7973582333758946,2.0601546066991943,0.68,-0.6462092239291072,-9.110298481575544,28,RandomForest,d13C_measurement,324,La Vallina
1880,-18.612771968350472,4.869855637409273,5.019978902333731,5.040050198565383,1.0,-1.2862327410050889,-16.29895370886314,29,RandomForest,d13C_measurement,325,Larga cave
99,-64.2907645397003,3.890856069291703,3.959149040524056,3.754638720624202,1.0,-0.964494128169036,-8.403128185269669,30,RandomForest,d13C_measurement,337,Pir Ghar cave
76,-0.0216379480261699,0.9359437502090796,1.1400978300576856,0.834505992539258,0.5526315789473685,0.3052157192089723,-4.712914014929512,31,RandomForest,d13C_measurement,338,Coves del pirata
930,-0.0597171329797427,0.8465152096837052,1.0169046316285464,0.7677220423022355,0.3741935483870968,0.2319227572016842,-5.679542302912807,32,RandomForest,d13C_measurement,342,Sa balma des quartó cave
182,-3.8838852952267535,1.754075602965597,2.2252854754870226,1.2804475309397176,0.6538461538461539,-0.4264441747486363,-8.099668128589315,33,RandomForest,d13C_measurement,357,Yonderup cave
251,-3.058064103728936,1.30766882283872,1.4977172162728498,1.17479055744559,0.9641434262948207,0.6548803600534021,-3.9146585660446407,34,RandomForest,d13C_measurement,359,Zoolithen cave
688,-0.2419138453773086,1.3503326887427718,1.6302638356079235,1.2517111394888327,0.5726744186046512,0.1972689044842376,-4.673797123274893,35,RandomForest,d13C_measurement,360,Bigonda cave
317,-0.9091388156605492,0.9273448276950392,1.1202045881526652,0.808550851782754,0.6025236593059937,0.1996535459927051,-4.453416938171646,36,RandomForest,d13C_measurement,361,Kocain cave
124,-65.27762185486412,2.4457884377875536,2.4649112131436053,2.4619506161893607,1.0,0.2019137896608062,-9.285529315615245,37,RandomForest,d13C_measurement,362,Labyrinth cave
941,-4.48302644329118,2.179090027784754,2.4274896109848814,2.142056720156372,0.7778958554729012,0.1657085558042619,-4.420078508312708,38,RandomForest,d13C_measurement,363,Lake Shasta cave
390,-2.77247874646425,1.8747444163859088,2.1664081609658283,1.764356947732483,0.9564102564102565,3.87840155013352,27.095275505705484,39,RandomForest,d13C_measurement,364,Naharon
574,-30.620346594129536,3.4341864773274726,3.489816411908629,3.5455009174284453,1.0,0.4991321635782745,-6.806911956644792,40,RandomForest,d13C_measurement,366,Savi cave
544,-1.453937072353959,1.958611590248697,2.3293040593805547,1.786770029067993,0.6121323529411765,-0.36318058678142,-9.146288599486004,0,XGBoost,d13C_measurement,2,Kesang cave
116,-2.9107554044126966,1.9971570763573865,2.367778052267052,1.7558720581780176,0.5603448275862069,0.0554389067313545,-7.770649385134194,1,XGBoost,d13C_measurement,4,Villars cave
72,-6.579118211471334,2.4569578221109176,2.631840431726383,2.315976657867432,1.0,1.4643276150262248,5.947611369637063,2,XGBoost,d13C_measurement,14,Lehman caves
812,-0.7358915568436852,4.106391188818833,4.265168549595748,4.123396968841552,0.7512315270935961,-0.282126081918175,-4.274645922046353,3,XGBoost,d13C_measurement,29,Mairs cave
1168,-4.610377498904883,2.9937712688233757,3.270072304784322,3.0107730102539065,0.8852739726027398,0.655321171025945,1.5674147751143226,4,XGBoost,d13C_measurement,70,Abaco Island cave
518,-0.2332425828752526,1.7588925554430166,2.082459328811866,1.5863252449035643,0.3667953667953668,0.4162822370223937,-5.070105813702462,5,XGBoost,d13C_measurement,79,Dim cave
234,-14.793766788856916,3.298305444838043,3.391488746335316,3.2740000350952148,1.0,0.6580323200305036,-6.098569355084463,6,XGBoost,d13C_measurement,104,Liang Luar
1004,-5.555771098678299,1.7803460881244615,1.9197419962930125,1.81167350769043,0.902390438247012,0.3809684297090317,-6.0073243564284216,7,XGBoost,d13C_measurement,117,Bunker cave
287,-0.869261959343985,0.6252188420046498,0.7524919251723167,0.5848010253906253,0.1707317073170731,-0.9738907932325608,-16.51986643943264,8,XGBoost,d13C_measurement,137,Kinderlinskaya cave
644,-19.308882939586404,2.133483781755341,2.820249967026346,1.2526110744476315,0.4130434782608695,-0.0450268084939337,-5.900878725890174,9,XGBoost,d13C_measurement,144,Botuverá cave
1477,-9.723414525659775,3.651731169254456,3.822685056491034,3.639958305358887,0.973595125253893,0.6296449957298385,0.9163706166608034,10,XGBoost,d13C_measurement,177,Santo Tomas cave
1595,-109.25513430418096,3.155599696168332,3.180165232505329,3.158357830047608,1.0,0.0877280878102768,-10.06684500557157,11,XGBoost,d13C_measurement,179,Closani cave
116,-41.29996590738596,5.236639908264421,5.298986839238392,5.291520805358887,1.0,0.640088922493087,-6.781774684555073,12,XGBoost,d13C_measurement,182,Kotumsar cave
44,-8.819804125545252,1.873431836804477,1.9923720321538207,1.7896448791503907,1.0,-0.6382584616278203,-15.843711662656643,13,XGBoost,d13C_measurement,201,Moondyne cave
255,-10.243410491497883,2.9435258436763987,3.087474410543655,3.0365898895263665,0.996078431372549,-0.0217692778171183,-9.607829274430207,14,XGBoost,d13C_measurement,232,Rio Secreto cave system
244,-0.5500471038411783,0.9283012647132628,1.250085541185573,0.7390993698651123,0.5286885245901639,-0.7622924015475732,-10.398918493631006,15,XGBoost,d13C_measurement,259,Cobre cave
119,-0.8106857163233048,1.26858608380486,1.6590015303728955,0.9887445220947262,0.6554621848739496,-0.9355963817413452,-15.175453428719566,16,XGBoost,d13C_measurement,268,Pere Noel cave
424,-0.1361012886078501,1.2153033732669472,1.451515757683915,1.123015853881836,0.5188679245283019,1.9796723080302645,7.439602010583476,17,XGBoost,d13C_measurement,269,Gejkar cave
213,-0.3102670190714356,0.4428376441658964,0.5375082822238129,0.3999168639458004,0.5258215962441315,0.800216409554032,-1.5397305348788262,18,XGBoost,d13C_measurement,270,Gol-E-Zard cave
131,-5.427213635897279,2.371813279862215,2.6911594303267807,2.252487827003369,0.916030534351145,-0.6085952115681914,-8.01217838902165,19,XGBoost,d13C_measurement,271,Jersey cave
43,-13.61237452875557,3.978505092727307,4.131471098521441,4.027925089645386,1.0,0.0903662054191753,-7.000172769307329,20,XGBoost,d13C_measurement,298,Belum cave
79,0.0002371897560118,1.0150209100580494,1.2186537097249532,0.9250249679975582,0.5189873417721519,0.8502605925893261,-1.1081819395245205,21,XGBoost,d13C_measurement,300,Careys cave
377,-1.3286541811133743,2.559200119835501,3.171590710503443,2.249041133880615,0.636604774535809,-0.3463797321636299,-6.589331000135809,22,XGBoost,d13C_measurement,305,Cueva Rosa
86,-8.60533292016665,2.585944607363663,2.7609585733734017,2.209697063011,1.0,0.1111850324286507,-2.2452957813456176,23,XGBoost,d13C_measurement,309,Goda Mea cave
90,-3.703356730552768,0.8435421123328412,0.9361929078427962,0.8768098351494897,0.8222222222222222,0.6903401615997645,-3.05548598914238,24,XGBoost,d13C_measurement,313,Herbstlabyrinth cave
46,-5.314179108069045,2.4506831658404806,2.651620988877395,2.273961582183838,1.0,0.8620686304300977,1.0282766349320394,25,XGBoost,d13C_measurement,315,Huangchao cave
662,-1.6121271612047114,1.3021331466252997,1.4793674185493242,1.23201584815979,0.6918429003021148,0.8580652224543331,-2.2759828640451083,26,XGBoost,d13C_measurement,316,Hüttenbläserschachthöhle
27,-56.02814354362711,3.637027334621253,3.721602025381714,3.676863198261453,1.0,-0.1881420630258096,-4.735266736932037,27,XGBoost,d13C_measurement,320,Katalekhor
125,-2.252682861136761,1.8772544594573977,2.377726683004511,1.4761152076721196,0.424,-0.0931843425869842,-6.815531146382135,28,XGBoost,d13C_measurement,324,La Vallina
1880,-19.98735777596732,5.039397677908552,5.192915855748081,5.128485641479492,1.0,-0.6110044259441941,-12.819831271795929,29,XGBoost,d13C_measurement,325,Larga cave
99,-61.09871323684484,3.7902365712256345,3.86115534107311,3.694822654724121,1.0,-0.2542453896039736,-3.9327444579617374,30,XGBoost,d13C_measurement,337,Pir Ghar cave
76,-0.0585603664914873,0.9331635433065624,1.1605167839272097,0.7156134085671164,0.3947368421052631,-0.267046777496318,-8.616453439320019,31,XGBoost,d13C_measurement,338,Coves del pirata
930,-0.6037482952538427,1.0017950976100556,1.250988597868346,0.856816983380289,0.3247311827956989,0.0399061780345947,-7.102466637092826,32,XGBoost,d13C_measurement,342,Sa balma des quartó cave
182,-3.393497142996588,1.8612554554362877,2.110610914967358,1.5954460811614992,0.9395604395604396,0.6564539449896206,-0.8419394964143407,33,XGBoost,d13C_measurement,357,Yonderup cave
251,-5.02580376135175,1.6463008329057789,1.825063008126895,1.514489457417774,0.9721115537848606,-0.9928123301578912,-16.051269916276382,34,XGBoost,d13C_measurement,359,Zoolithen cave
688,-0.386289153581747,1.4129597334898008,1.7224200523400657,1.2821752770172408,0.5261627906976745,0.0959746578474897,-5.332750881763734,35,XGBoost,d13C_measurement,360,Bigonda cave
317,-0.109485339674251,0.683790262324577,0.8539636352967986,0.5847523880004886,0.2839116719242902,0.0211824222506505,-5.606086798222186,36,XGBoost,d13C_measurement,361,Kocain cave
124,-82.06278613066624,2.735866171607959,2.7594407230979723,2.782356998086887,1.0,0.0231101743020937,-10.824611872348603,37,XGBoost,d13C_measurement,362,Labyrinth cave
941,-0.9853930923785864,1.2141604033438735,1.4607317296215985,1.062795886993408,0.5536663124335813,0.3275388536773446,-3.6287912407097016,38,XGBoost,d13C_measurement,363,Lake Shasta cave
390,-0.0279669731127449,0.8997733003485264,1.130879842537984,0.7533134128570556,0.441025641025641,0.2247700221237546,-5.314863487761633,39,XGBoost,d13C_measurement,364,Naharon
574,-34.723672303640164,3.6564789829240856,3.70934575128252,3.8382885452270505,1.0,0.4859025602145894,-7.004009472475702,40,XGBoost,d13C_measurement,366,Savi cave
544,-0.1972695383228229,1.3702024321530208,1.6270108129938736,1.2274892590754227,0.5790441176470589,1.0001599786633033,-0.7000009123587718,0,CatBoost,d13C_measurement,2,Kesang cave
116,-1.4580618545704738,1.5934171476449746,1.8771849651434105,1.479632812833397,0.6206896551724138,0.0781858474033676,-7.594932888574059,1,CatBoost,d13C_measurement,4,Villars cave
72,-5.759128361005421,2.2900044238058044,2.4853958060130337,2.282077131710584,1.0,0.1247716566817466,-4.1435355688842215,2,CatBoost,d13C_measurement,14,Lehman caves
812,-1.1905684746137983,4.485617308193772,4.791299503354664,4.879784761122993,0.7512315270935961,-3.3166551234143262,-23.446812584642288,3,CatBoost,d13C_measurement,29,Mairs cave
1168,-6.317626126568924,3.535388778595743,3.734620026721047,3.336752798089961,0.9871575342465754,1.727216459137252,6.938642945695582,4,CatBoost,d13C_measurement,70,Abaco Island cave
518,-0.7028469276545086,2.1377968752522847,2.4470344145216107,2.041034235811134,0.6776061776061776,1.1971319455729097,-0.4243889205535192,5,CatBoost,d13C_measurement,79,Dim cave
234,-23.78426733859836,4.155300587113151,4.248499410898499,4.297295158856359,1.0,-3.854838822018629,-39.74944898777427,6,CatBoost,d13C_measurement,104,Liang Luar
1004,-7.776963690032101,2.101011243156788,2.221279076745485,2.200495085513652,0.959163346613546,0.4866811463554629,-5.443226186195952,7,CatBoost,d13C_measurement,117,Bunker cave
287,-2.681336409384416,0.9354734897081698,1.0560136042336452,0.923884475284332,0.8745644599303136,1.2688302615429352,1.074790520726571,8,CatBoost,d13C_measurement,137,Kinderlinskaya cave
644,-14.51840141910396,2.330511746929355,2.4652903487051594,2.347223611558356,0.9968944099378882,-0.0353488889221246,-5.86387939342036,9,CatBoost,d13C_measurement,144,Botuverá cave
1477,-4.732363635109904,2.5190575144887086,2.7949165009817016,2.4633222183421903,0.9153689911983752,0.1103457500451122,-3.0462397553577607,10,CatBoost,d13C_measurement,177,Santo Tomas cave
1595,-102.37760930064636,3.045284472058856,3.0793816411657007,3.142074309992511,1.0,-0.5275432170042008,-14.786251009488584,11,CatBoost,d13C_measurement,179,Closani cave
116,-13.592597199197664,3.004565315768913,3.11235501544796,2.995980114250234,1.0,0.8083349415660949,-4.2552135672791,12,CatBoost,d13C_measurement,182,Kotumsar cave
44,-4.297817526283496,1.295375652569443,1.4634150667634656,1.2155796172436435,0.9772727272727272,-3.2420210811714982,-42.128345859852,13,CatBoost,d13C_measurement,201,Moondyne cave
255,-8.889571074502971,2.7389339602586498,2.8956299593736534,2.8518679088852306,0.996078431372549,-1.0319422709555306,-16.407888251204408,14,CatBoost,d13C_measurement,232,Rio Secreto cave system
244,-0.8754428214926357,1.0760577967385911,1.3750522403787897,0.8582356344344086,0.7254098360655737,-2.106542986770123,-19.438734637087148,15,CatBoost,d13C_measurement,259,Cobre cave
119,-1.41912892777508,1.5721178917501133,1.9175855844151453,1.4725998460110512,0.7310924369747899,1.4978427008957491,5.912105801906683,16,CatBoost,d13C_measurement,268,Pere Noel cave
424,0.065196645830942,1.105309585886679,1.3166591443028584,1.041870200902415,0.4221698113207547,1.815433894432756,4.709896211267406,17,CatBoost,d13C_measurement,269,Gejkar cave
213,-2.654875816728856,0.7738730394800303,0.8977213800468975,0.7308149345213915,0.9061032863849764,-1.3924204758714869,-16.710204056350086,18,CatBoost,d13C_measurement,270,Gol-E-Zard cave
131,-6.259617904876757,2.592774638024543,2.8601245169328395,2.539822364099286,0.9694656488549618,-2.23765519050656,-19.061354497988127,19,CatBoost,d13C_measurement,271,Jersey cave
43,-4.847906323454741,2.436434470908912,2.613632519180567,2.478204850430595,0.9534883720930232,1.539218903958239,0.1862838646266684,20,CatBoost,d13C_measurement,298,Belum cave
79,-0.1830404483823058,1.030642148941305,1.3256583840310772,0.8030454600632444,0.5569620253164557,6.350121225428521,39.17357759152288,21,CatBoost,d13C_measurement,300,Careys cave
377,-1.3670017145696507,2.6234198884879274,3.1975984474656016,2.3910990543720256,0.713527851458886,-0.4863211190770177,-7.549896890916921,22,CatBoost,d13C_measurement,305,Cueva Rosa
86,-23.11799796486728,4.301606287653148,4.374962213676724,4.299364327308156,1.0,5.728132847278494,38.1137095738372,23,CatBoost,d13C_measurement,309,Goda Mea cave
90,-1.065408017384028,0.4997649631328574,0.6203893249755347,0.3779576729662173,0.8222222222222222,-3.9250811702429385,-41.10632265431108,24,CatBoost,d13C_measurement,313,Herbstlabyrinth cave
46,-0.0405997464028848,0.8714413856254842,1.0764524670022424,0.8211772381342848,0.5652173913043478,-0.3937671125270969,-10.879479365443196,25,CatBoost,d13C_measurement,315,Huangchao cave
662,-0.6934303757735627,0.9991643004649164,1.1911393303666729,0.84008667639625,0.7069486404833837,2.44476649086548,10.574822382600326,26,CatBoost,d13C_measurement,316,Hüttenbläserschachthöhle
27,-33.55808862075094,2.820659902384526,2.897077874563463,2.798598870766273,1.0,-1.26169632502651,-11.270105158495134,27,CatBoost,d13C_measurement,320,Katalekhor
125,-1.489866857180596,1.6480456464070783,2.0803151553925634,1.3650945894348885,0.4,-0.5660812265695483,-9.370116899884287,28,CatBoost,d13C_measurement,324,La Vallina
1880,-13.477854280018969,4.153568911802729,4.313050101077056,4.310600495730283,1.0,-0.3509073309897686,-11.874521997519622,29,CatBoost,d13C_measurement,325,Larga cave
99,-74.24359679667761,4.196751323252735,4.250213511622072,4.281891506384937,1.0,-0.332437403426057,-4.549350312385797,30,CatBoost,d13C_measurement,337,Pir Ghar cave
76,-0.3489075516622468,1.1202099414382405,1.3100404454598529,1.1739261892952113,0.5789473684210527,-2.269984303306187,-23.33174104673725,31,CatBoost,d13C_measurement,338,Coves del pirata
930,-0.1146397550587476,0.8660105290142972,1.0429236401362345,0.8059824403962033,0.3494623655913978,0.0670671773385214,-6.914986744481681,32,CatBoost,d13C_measurement,342,Sa balma des quartó cave
182,0.0515538462456787,0.8053223874140671,0.9806394161193226,0.731373858397331,0.5769230769230769,9.60811898260774,51.71943957814776,33,CatBoost,d13C_measurement,357,Yonderup cave
251,-1.405513940457293,0.9353619123865076,1.1531194816852772,0.7647045059229445,0.8764940239043825,1.3163213585834492,1.6325929342948484,34,CatBoost,d13C_measurement,359,Zoolithen cave
688,-0.5872781428386562,1.5035043203903682,1.843056624058618,1.3061602547883142,0.6191860465116279,-0.4774889119372113,-9.355854838684866,35,CatBoost,d13C_measurement,360,Bigonda cave
317,-0.3141897644367355,0.734488908717114,0.929410626070805,0.5991406095374607,0.2208201892744479,0.1158571524089248,-5.038662519142836,36,CatBoost,d13C_measurement,361,Kocain cave
124,-78.08899839891295,2.6604264505004407,2.6926249138011378,2.6791031306024182,1.0,-0.1658680276758155,-12.40188336961988,37,CatBoost,d13C_measurement,362,Labyrinth cave
941,-0.6481554542130072,1.0404570683515997,1.3309026681610785,0.8350219409477599,0.6833156216790648,2.3177061855268657,8.65383792043526,38,CatBoost,d13C_measurement,363,Lake Shasta cave
390,-0.3176599765839445,0.9953489759466264,1.2803495685555493,0.8201161374594639,0.6025641025641025,1.6279117310427016,5.388193242716953,39,CatBoost,d13C_measurement,364,Naharon
574,-18.280933116876795,2.640818564772712,2.7251053213679386,2.55372502975394,1.0,0.1883238307594532,-8.750411632081097,40,CatBoost,d13C_measurement,366,Savi cave
544,-1.3460262411083836,1.901458974936429,2.2775132143915275,1.7430922126770017,0.5073529411764706,-0.0574967230410047,-7.469641778502023,0,BiLSTM,d13C_measurement,2,Kesang cave
116,-1.2828378357492731,1.3979357829479224,1.809040103256781,1.0653744433517822,0.3362068965517241,0.0600787080020851,-7.685658245389481,1,BiLSTM,d13C_measurement,4,Villars cave
72,-3.5436475606772837,1.7835368103451197,2.0377576515326217,1.6708872604370115,0.9861111111111112,-1.0271464450742631,-12.0893682387822,2,BiLSTM,d13C_measurement,14,Lehman caves
812,-1.224355980567552,4.52125970040871,4.828108805289347,4.88623984336853,0.7512315270935961,-1.810954320682744,-14.08439574277585,3,BiLSTM,d13C_measurement,29,Mairs cave
1168,-3.2913356756235244,2.555765993358338,2.8599441818223053,2.35862744808197,0.8681506849315068,1.0116924540507923,2.5985254847514394,4,BiLSTM,d13C_measurement,70,Abaco Island cave
518,-1.8415570994721664,2.746427981851644,3.161043452779749,2.7844424571990967,0.7625482625482626,-0.0765278448492711,-8.51792861812844,5,BiLSTM,d13C_measurement,79,Dim cave
234,-38.316859022561005,5.260568366701175,5.35102435308654,5.400639527893067,1.0,-0.6226587028498833,-15.363918267081065,6,BiLSTM,d13C_measurement,104,Liang Luar
1004,-2.615684924893505,1.2300776742654016,1.4256938106550543,1.1661489105224607,0.300796812749004,-0.0561778263318331,-9.105319119873249,7,BiLSTM,d13C_measurement,117,Bunker cave
287,-0.6513209785798653,0.5839081570828002,0.7072655573033975,0.4974880981445313,0.5365853658536586,1.0553598810198053,1.017179004335068,8,BiLSTM,d13C_measurement,137,Kinderlinskaya cave
644,-24.445507275345552,2.8045787977431877,3.1568223399244646,2.720396795272827,0.8975155279503105,-0.1050958716655883,-6.463189818486518,9,BiLSTM,d13C_measurement,144,Botuverá cave
1477,-18.44790517780211,4.7871474748829685,5.147998192772544,4.670073661804199,0.9587000677048072,-0.4258861556564914,-7.359740873686892,10,BiLSTM,d13C_measurement,177,Santo Tomas cave
1595,-75.35067771712347,2.621193422825733,2.646407521326922,2.647659988403321,1.0,0.3495932064911938,-7.89616643189941,11,BiLSTM,d13C_measurement,179,Closani cave
116,-16.778857497124257,3.3477772655158207,3.4353797921740155,3.1936390113830564,1.0,1.3879723586355572,-0.9493460672865854,12,BiLSTM,d13C_measurement,182,Kotumsar cave
44,-3.5861546697303943,1.236138671424172,1.3615806563733872,1.240344778442383,0.9545454545454546,1.7785498674352744,9.159695497747768,13,BiLSTM,d13C_measurement,201,Moondyne cave
255,-30.53819908542021,5.024114018010159,5.170979053390642,5.052129249572754,1.0,-0.2364064660038857,-10.515896621282105,14,BiLSTM,d13C_measurement,232,Rio Secreto cave system
244,-0.7308453672782611,1.1411000530654196,1.3209805375082684,1.0709468267333984,0.7581967213114754,2.472478371263415,6.005446214967843,15,BiLSTM,d13C_measurement,259,Cobre cave
119,-0.6938631581682875,1.2052790293012343,1.6045912140447198,0.8852173690795899,0.5714285714285714,0.3029835605426892,-4.802200118469228,16,BiLSTM,d13C_measurement,268,Pere Noel cave
424,-1.5860155128346287,1.7863618588144188,2.1899227313110576,1.6364963159561157,0.4245283018867924,0.1034493827214328,-5.646359585333989,17,BiLSTM,d13C_measurement,269,Gejkar cave
213,-56.47102999754612,3.4656671827116305,3.559833994960126,3.4865083009315185,1.0,-0.3740376537949885,-7.697296480194916,18,BiLSTM,d13C_measurement,270,Gol-E-Zard cave
131,-9.136817995421698,3.066678296951052,3.379705696009047,2.976759555814346,0.8244274809160306,0.0006766881824488,-4.097300242005408,19,BiLSTM,d13C_measurement,271,Jersey cave
43,-0.6213507814345123,1.204834600936535,1.3762039945819586,1.1869707046508786,0.6511627906976745,-1.2212912898733832,-15.458802269419795,20,BiLSTM,d13C_measurement,298,Belum cave
79,-0.3786483343639275,1.1616995226870794,1.4310624170543322,0.9947631041091308,0.5063291139240507,0.987934251609156,-1.070888386535456,21,BiLSTM,d13C_measurement,300,Careys cave
377,-1.6150111392993711,2.7288578793422618,3.360945032410344,2.3496041342979144,0.6790450928381963,-0.6663650934673538,-8.72391523347694,22,BiLSTM,d13C_measurement,305,Cueva Rosa
86,-7.427079394255022,2.280535907795735,2.586081586946822,2.3691075024220174,1.0,-0.8948289328826002,-7.440294204886859,23,BiLSTM,d13C_measurement,309,Goda Mea cave
90,-1.121012912798636,0.5237990404811118,0.6286849201194485,0.4496039444836146,0.8333333333333334,4.619356467465447,31.184495481914688,24,BiLSTM,d13C_measurement,313,Herbstlabyrinth cave
46,-0.2728937992116078,0.9204660013447636,1.1905539629384487,0.6705238056182861,0.4782608695652174,0.8782703428912276,-0.3678431437198384,25,BiLSTM,d13C_measurement,315,Huangchao cave
662,0.3999998541405373,0.5629544271421865,0.7090136071008762,0.4442339071655272,0.3126888217522658,1.2463074668469143,2.1235092884694198,26,BiLSTM,d13C_measurement,316,Hüttenbläserschachthöhle
27,-77.65159450997537,4.330246855048816,4.370580040936516,4.322837199132428,1.0,-1.0794293486166149,-11.764042366324292,27,BiLSTM,d13C_measurement,320,Katalekhor
125,-0.0691722491969928,1.1298243517049154,1.3632167378077984,0.9643648529052732,0.168,0.4232888985248977,-3.605802841698694,28,BiLSTM,d13C_measurement,324,La Vallina
1880,-26.957473206324075,5.804456430866363,5.993511750590373,6.060395731925964,1.0,-0.4657062407971094,-11.76181313934917,29,BiLSTM,d13C_measurement,325,Larga cave
99,-115.14563415356396,5.249775589721752,5.280528836625241,5.411425548677089,1.0,0.328680917403962,0.1363306541817421,30,BiLSTM,d13C_measurement,337,Pir Ghar cave
76,-0.317756999412244,1.1282576188483713,1.2948255988642587,1.0940755047271598,0.6710526315789473,-1.0179764922821763,-14.360924317251577,31,BiLSTM,d13C_measurement,338,Coves del pirata
930,-0.3856948022075679,0.9288822277622594,1.1628375339142705,0.7963780642297507,0.2268817204301075,-0.0785292978288816,-8.015232507922796,32,BiLSTM,d13C_measurement,342,Sa balma des quartó cave
182,-11.24091113633824,3.415971974383344,3.522977570270678,3.3309456443786623,1.0,0.7862925977965052,1.402159098742744,33,BiLSTM,d13C_measurement,357,Yonderup cave
251,-1.3766442965683336,0.94343931049324,1.146179044838979,0.8084664781123045,0.8286852589641435,2.601881117118531,11.82991677528957,34,BiLSTM,d13C_measurement,359,Zoolithen cave
688,-2.910735873081697,2.495422861824204,2.8929531653048106,2.445223520350618,0.8313953488372093,0.1336404671103559,-4.859424830653735,35,BiLSTM,d13C_measurement,360,Bigonda cave
317,-4.721761510209584,1.66356252580035,1.9392931761804748,1.6462893676757808,0.7570977917981072,-0.0957619264578359,-6.118238648715573,36,BiLSTM,d13C_measurement,361,Kocain cave
124,-124.89701516730877,3.382207191669084,3.39723460235719,3.331049599075317,1.0,0.2996569214606089,-8.728457639304747,37,BiLSTM,d13C_measurement,362,Labyrinth cave
941,-1.7438851971441944,1.3796101993556735,1.7172367658180745,1.1678946685791018,0.3283740701381509,-0.042756023140906,-5.249621370680682,38,BiLSTM,d13C_measurement,363,Lake Shasta cave
390,-2.347803211724434,1.8089441163138364,2.040830062323137,1.842183045501709,0.6717948717948717,0.2580239347792171,-5.542635673412431,39,BiLSTM,d13C_measurement,364,Naharon
574,-7.565300893840996,1.640728946018551,1.816312533308421,1.6173433280944822,0.9860627177700348,-1.0668724749494287,-19.2660097393284,40,BiLSTM,d13C_measurement,366,Savi cave
544,-1.9454476258026,2.0573645308087856,2.551938036528876,1.7986843109130857,0.5753676470588235,-0.1728995142896345,-8.073185532940814,0,Transformer,d13C_measurement,2,Kesang cave
116,-3.693648792779305,2.159281963356104,2.593976029464085,1.642242505554453,0.5603448275862069,0.0220257490373312,-7.984061539366055,1,Transformer,d13C_measurement,4,Villars cave
72,-3.981198285826165,1.9026944886313544,2.133620272262884,1.7555034446716309,0.9861111111111112,-0.0421498377303601,-5.354200158026975,2,Transformer,d13C_measurement,14,Lehman caves
812,-0.5136603602973995,3.901938735830373,3.98280571508449,3.893697608947754,0.7512315270935961,-11.74882738855244,-58.133332183370165,3,Transformer,d13C_measurement,29,Mairs cave
1168,-4.887091720336626,3.062976632346845,3.3497447451030764,2.880393228530884,0.973458904109589,0.7893024629414289,2.1764826725752178,4,Transformer,d13C_measurement,70,Abaco Island cave
518,-2.620791085584228,3.1793538382983115,3.5682395767757007,3.082073097229004,0.7258687258687259,0.3600554783787124,-6.246017850352173,5,Transformer,d13C_measurement,79,Dim cave
234,-1.6232202209147475,1.2100520137819468,1.3821809263955194,1.2221861419677733,0.8504273504273504,1.6980226188478285,6.060911064490385,6,Transformer,d13C_measurement,104,Liang Luar
1004,-2.492692839891414,1.2431578487229065,1.4012356301971896,1.2562556838989258,0.3565737051792829,-0.1535751058113628,-9.969115679897016,7,Transformer,d13C_measurement,117,Bunker cave
287,-19.275885829819384,2.361463309497368,2.478315987933516,2.4658021545410165,0.9965156794425089,-0.698485939774736,-15.837428682099612,8,Transformer,d13C_measurement,137,Kinderlinskaya cave
644,-19.75299317926218,2.4524669231687275,2.8509195118053445,2.65219654083252,0.7298136645962733,-0.0391072437980341,-5.8889286167031525,9,Transformer,d13C_measurement,144,Botuverá cave
1477,-16.15963165961131,4.512301391454347,4.835662167154112,4.429715995788574,0.976980365605958,-0.1546695954385925,-5.009508387292098,10,Transformer,d13C_measurement,177,Santo Tomas cave
1595,-58.08747550974291,2.2413540566184302,2.328080491654527,2.2941318893432623,1.0,-0.088257272118175,-11.480774477538011,11,Transformer,d13C_measurement,179,Closani cave
116,-19.272997584061336,3.5685107724419955,3.668443347140333,3.5011858558654785,1.0,0.0134932712430606,-9.449304877789434,12,Transformer,d13C_measurement,182,Kotumsar cave
44,-1.478837882244942,0.8406883564342151,1.001020764878617,0.7039820602416986,0.6136363636363636,-0.6951424097468749,-15.53789838638498,13,Transformer,d13C_measurement,201,Moondyne cave
255,-16.43971878658,3.4983993234073423,3.845245496733997,3.824147701263428,0.9607843137254902,-0.0630218107695142,-9.843110368136644,14,Transformer,d13C_measurement,232,Rio Secreto cave system
244,-4.766759259421407,2.1312480288401536,2.4111997772915976,2.08698046673584,0.8565573770491803,-1.959310616537224,-12.713144307874948,15,Transformer,d13C_measurement,259,Cobre cave
119,-5.407991619146055,2.791650352093352,3.120945726803441,2.7674920501708984,0.9747899159663864,-0.119421920217192,-8.534400929829633,16,Transformer,d13C_measurement,268,Pere Noel cave
424,0.3230194548225717,0.92252957274728,1.1204728116650795,0.8299207962036133,0.2712264150943396,1.2040915095093123,1.219356222892829,17,Transformer,d13C_measurement,269,Gejkar cave
213,-13.740220816186913,1.7018069693468367,1.802840270774252,1.6370494585729984,1.0,-0.9810809156134828,-11.297299652136118,18,Transformer,d13C_measurement,270,Gol-E-Zard cave
131,-2.416978191644977,1.7552321477004291,1.962226617997315,1.762206438846338,0.7557251908396947,0.6302730644787976,-0.4313088101475397,19,Transformer,d13C_measurement,271,Jersey cave
43,-3.4063579717780827,2.001479058908862,2.2687372913316155,1.875194165039062,0.4883720930232558,-0.4258229498726784,-10.7270441318211,20,Transformer,d13C_measurement,298,Belum cave
79,-1.5736987871953518,1.705954710974863,1.955287775337936,1.735056792144043,0.6075949367088608,-1.893337248672576,-24.919379319651025,21,Transformer,d13C_measurement,300,Careys cave
377,-1.7867288610477456,2.875708404089841,3.4695407753546905,2.6537699127197265,0.6445623342175066,-0.4945443116356746,-7.691881437851533,22,Transformer,d13C_measurement,305,Cueva Rosa
86,-10.946146234415956,2.899493615844001,3.0790560354391605,2.9942408117236026,1.0,-2.6016890755484297,-17.80714444813095,23,Transformer,d13C_measurement,309,Goda Mea cave
90,-1.9331517797960367,0.6423938051454448,0.7393135320733001,0.6290203118768396,0.8777777777777778,2.159559524763767,10.637426429138172,24,Transformer,d13C_measurement,313,Herbstlabyrinth cave
46,0.0969437717495317,0.800860483750053,1.002790926419947,0.6409878540039062,0.3695652173913043,1.3843522737139566,3.2485116439730533,25,Transformer,d13C_measurement,315,Huangchao cave
662,0.3061694097329467,0.6119836448558796,0.7624398967073184,0.5253668212890625,0.270392749244713,0.6906037928488444,-2.8600149530372114,26,Transformer,d13C_measurement,316,Hüttenbläserschachthöhle
27,-75.24381140318945,4.2649127645687175,4.303161161824555,4.195456335971503,1.0,-1.3310853151664792,-13.624834521942452,27,Transformer,d13C_measurement,320,Katalekhor
125,-0.7017217669864737,1.30198396194458,1.71982931691516,1.0047785949707029,0.248,0.206640307723213,-4.914845020341419,28,Transformer,d13C_measurement,324,La Vallina
1880,-10.761583788268585,3.59848063971134,3.88745438269904,3.4984276199340822,0.9058510638297872,0.0281647242866808,-9.692187490929502,29,Transformer,d13C_measurement,325,Larga cave
99,-73.27272335609696,4.194425685844417,4.22270408200865,4.24335348750075,1.0,0.5135064644973464,1.002219908753175,30,Transformer,d13C_measurement,337,Pir Ghar cave
76,-1.6232405624230115,1.5677209988163336,1.826891144183992,1.5480810388115804,0.2894736842105263,-0.5129454648548768,-10.617320318680786,31,Transformer,d13C_measurement,338,Coves del pirata
930,-3.446227944692562,1.7733632415696026,2.082960860139814,1.6482748897231945,0.6548387096774193,0.0746821690302679,-6.737517708988049,32,Transformer,d13C_measurement,342,Sa balma des quartó cave
182,-3.568439610999405,1.6977238086029722,2.1522214220802525,1.579303493499756,0.5879120879120879,-0.710096765441872,-11.350143653710187,33,Transformer,d13C_measurement,357,Yonderup cave
251,-0.0970069315825703,0.5920731265542143,0.7787087529366506,0.4524497873002921,0.4262948207171315,1.3904189283765414,2.9633037744972004,34,Transformer,d13C_measurement,359,Zoolithen cave
688,-2.510691978733424,2.3825388768600475,2.740996769737784,2.367314440093692,0.8008720930232558,0.4682781697514804,-2.100625107957791,35,Transformer,d13C_measurement,360,Bigonda cave
317,-7.444311966784136,2.2041466130217544,2.355921025628702,2.1736390781402584,0.996845425867508,0.1218108666536902,-5.297243774224612,36,Transformer,d13C_measurement,361,Kocain cave
124,-45.600334319482975,2.0299510281950317,2.0668660813279858,2.0828638309589564,1.0,-0.2774397244668544,-13.509044070477794,37,Transformer,d13C_measurement,362,Labyrinth cave
941,-3.484698457094784,1.878379574166601,2.195400876827716,1.6708982849121092,0.8161530286928799,-0.0572816767416781,-5.384724095109173,38,Transformer,d13C_measurement,363,Lake Shasta cave
390,-0.0031738709223576,0.9088518838892228,1.1171589986157866,0.7737029397583011,0.558974358974359,3.792675746543412,18.369122655812856,39,Transformer,d13C_measurement,364,Naharon
574,-15.690875317696324,2.2032346710537367,2.535472031135174,2.2334024978637697,0.921602787456446,-0.0651281586418024,-10.687073185843298,40,Transformer,d13C_measurement,366,Savi cave
544,-6902.029366311157,12.75142504109738,12.762560017027598,12.6768330860496,1.0,-0.014800776678154,0.4705763310943311,0,RandomForest,Mg_Ca_measurement,2,Kesang cave
116,-275.71988778048325,4.773096713037774,4.817897370229514,4.5149072564742845,1.0,0.2250000286272672,-0.4959900779491295,1,RandomForest,Mg_Ca_measurement,4,Villars cave
72,-452.3465520660456,3.8866435509608888,3.8923039737089313,3.87852187176724,1.0,-0.8653026221865001,6.653309425840784,2,RandomForest,Mg_Ca_measurement,14,Lehman caves
812,-0.8137377711879121,3.1357182286619896,4.175987802391028,2.069098701747585,0.7721674876847291,-2.4210430289998826,30.604494131393952,3,RandomForest,Mg_Ca_measurement,29,Mairs cave
1168,-0.790645713293272,8.071871101792473,9.224457041472562,9.994979245665188,0.696917808219178,2.048859930647271,-22.12182916191209,4,RandomForest,Mg_Ca_measurement,70,Abaco Island cave
518,-23.814460084981683,26.090423935690986,26.63541713911407,25.33276721521336,1.0,-2.623468096215332,39.54792989233799,5,RandomForest,Mg_Ca_measurement,79,Dim cave
234,-20.51972181743186,13.839636003337183,14.143431568367255,13.419112057655727,1.0,7.829252793240844,-41.37181353545193,6,RandomForest,Mg_Ca_measurement,104,Liang Luar
1004,-10.70910427574154,3.536583947976396,3.645676856664132,3.869411962230224,1.0,3.1429678521799005,-16.523973363816154,7,RandomForest,Mg_Ca_measurement,117,Bunker cave
287,-9.054452239516644,2.203708281467245,2.336782999925774,2.316707775681346,1.0,-0.6436203257913201,9.096801603612509,8,RandomForest,Mg_Ca_measurement,137,Kinderlinskaya cave
644,-34.1689309884991,23.234568873727387,23.566166856198,22.95295747425005,1.0,3.1834604846726893,11.276061363893124,9,RandomForest,Mg_Ca_measurement,144,Botuverá cave
1477,-7.346331383545278,10.880498318153322,11.446145293771185,10.06318412356626,1.0,1.0615865833493463,10.344190098324518,10,RandomForest,Mg_Ca_measurement,177,Santo Tomas cave
1595,-3641.182471310495,8.864770517231417,8.88290991603574,8.808882956035994,1.0,-0.1145908592248675,2.2276833832512444,11,RandomForest,Mg_Ca_measurement,179,Closani cave
116,-388.6375528206136,9.34351716019302,9.35524809170104,9.40577908401869,1.0,0.8605144389703347,-7.750644590573601,12,RandomForest,Mg_Ca_measurement,182,Kotumsar cave
44,-43.22804822552761,7.802018815560046,7.903156679265733,7.6627504342485135,1.0,-5.1488173514620215,53.22958106248494,13,RandomForest,Mg_Ca_measurement,201,Moondyne cave
255,-350.24297228046373,10.282031121175986,10.298731157246266,10.378971682957904,1.0,0.1061414855894242,1.1269614017632112,14,RandomForest,Mg_Ca_measurement,232,Rio Secreto cave system
244,-13896.080978772692,7.090085911262049,7.0909919686698135,7.088581837954217,1.0,0.0746128072579366,-0.2337101314628585,15,RandomForest,Mg_Ca_measurement,259,Cobre cave
119,-3.468730733359557,5.673336563102414,6.302210055699437,6.499046790944094,0.9159663865546218,0.5243434930432783,0.0114338045286688,16,RandomForest,Mg_Ca_measurement,268,Pere Noel cave
424,-777.8906486202766,8.831861555334191,8.837421715044831,8.854763626308056,1.0,0.5567856553932314,-4.23792988672395,17,RandomForest,Mg_Ca_measurement,269,Gejkar cave
213,-1546.0468126962232,6.007339343495654,6.011064250582724,6.038232606374253,1.0,-0.05508533119531,1.2044004244596784,18,RandomForest,Mg_Ca_measurement,270,Gol-E-Zard cave
131,-326.5046285765445,3.979941923588134,3.991059746218036,3.978448610705837,1.0,-0.7606870705175838,4.78854601436977,19,RandomForest,Mg_Ca_measurement,271,Jersey cave
43,-0.7524795529749044,3.240145807705129,3.788753370405715,3.8246176647756354,0.7209302325581395,5.628075799303481,-43.32041956547054,20,RandomForest,Mg_Ca_measurement,298,Belum cave
79,-49.473185516421054,2.521200971678752,2.5448738848900683,2.593502757123032,1.0,1.4847633195237857,-5.374822045692152,21,RandomForest,Mg_Ca_measurement,300,Careys cave
377,-234.78524959165887,11.190843053962306,11.544911132554898,12.242000605605678,1.0,0.0607173240678153,1.0469694291451423,22,RandomForest,Mg_Ca_measurement,305,Cueva Rosa
86,-1419504.939369708,7.621379261821473,7.622124806889545,7.626264122847693,1.0,-0.0087637917667861,0.0989881675198115,23,RandomForest,Mg_Ca_measurement,309,Goda Mea cave
90,-1060870832.5740094,8.901406360723975,8.902508463508278,8.966196524304102,1.0,0.0003138516922837,-0.0011086542550232,24,RandomForest,Mg_Ca_measurement,313,Herbstlabyrinth cave
46,-11.353637582200768,7.535139530207842,7.857559849661363,7.23631048938389,1.0,2.427508794414519,-1.5823588793661365,25,RandomForest,Mg_Ca_measurement,315,Huangchao cave
662,-0.2372163606521418,5.663099294604097,6.733095042223718,4.611468897467318,0.4984894259818731,-4.556430295192009,26.2346707923432,26,RandomForest,Mg_Ca_measurement,316,Hüttenbläserschachthöhle
27,-7.20921716591638,4.167214483759774,4.432384877218491,4.086583278557384,1.0,2.7222340432331054,-3.502944501060531,27,RandomForest,Mg_Ca_measurement,320,Katalekhor
125,-4.24366585588323,12.823611261557328,14.23242569536463,13.514477192810643,1.0,76.15102578858797,-114.22384878844107,28,RandomForest,Mg_Ca_measurement,324,La Vallina
1880,-19632.37735097496,17.226522135043304,17.236301732873635,17.173203416525368,1.0,0.0084887107958088,0.7976244949457769,29,RandomForest,Mg_Ca_measurement,325,Larga cave
99,-48.826925585181165,9.76717458115799,9.862177214645154,9.96310727128796,1.0,2.40796797919277,3.587973243431941,30,RandomForest,Mg_Ca_measurement,337,Pir Ghar cave
76,-15.201715011462907,3.0721354056494565,3.1698781224979107,3.027232707185248,1.0,1.3621885526243354,-5.697323396366798,31,RandomForest,Mg_Ca_measurement,338,Coves del pirata
930,-2.2452128139650736,2.750296691797917,3.2808207687343334,2.4896548855009097,0.8935483870967742,0.7566560411156095,3.749028775041372,32,RandomForest,Mg_Ca_measurement,342,Sa balma des quartó cave
182,-0.3894103756513782,3.087883100617049,3.62050037183122,2.9295785823636384,0.6868131868131868,-10.727578940315675,118.72820928264797,33,RandomForest,Mg_Ca_measurement,357,Yonderup cave
251,-11.92862816926901,16.057917820122228,16.7111614759027,16.48442909895779,1.0,4.313669399135963,1.642991084999295,34,RandomForest,Mg_Ca_measurement,359,Zoolithen cave
688,-12.859849067170318,17.937989110428042,18.617645046838483,18.202492215159797,1.0,5.4640151450155,-6.023239225873034,35,RandomForest,Mg_Ca_measurement,360,Bigonda cave
317,-3977.8600915728007,4.555631220028875,4.557651045185621,4.54425601299161,1.0,0.0175112136465405,0.7966418885073583,36,RandomForest,Mg_Ca_measurement,361,Kocain cave
124,-170.87711095441145,8.278533181306383,8.3114552143833,8.386796983704588,1.0,-0.4231977646060138,12.617902240437948,37,RandomForest,Mg_Ca_measurement,362,Labyrinth cave
941,-366.1419366976593,5.201733463713933,5.212395420800561,5.255721097853366,1.0,0.2665031872685717,-0.2494102394593322,38,RandomForest,Mg_Ca_measurement,363,Lake Shasta cave
390,-4.176073755515806,7.433915580709079,8.258080468746876,6.850627969705479,0.9923076923076924,3.071802373779257,-7.039267012254209,39,RandomForest,Mg_Ca_measurement,364,Naharon
574,-29054.1247476044,15.36077473850812,15.363044511446924,15.331257671282389,1.0,0.0159665233097062,0.5944773262619258,40,RandomForest,Mg_Ca_measurement,366,Savi cave
544,-8959.66735818348,14.510970185335028,14.540793762207691,14.476693220265703,1.0,-0.0123443667160499,0.4602918439495401,0,XGBoost,Mg_Ca_measurement,2,Kesang cave
116,-186.7156893608417,3.8615911791588977,3.9681460149245495,3.6286677813263575,1.0,0.1861788063156655,-0.1120386609729865,1,XGBoost,Mg_Ca_measurement,4,Villars cave
72,-555.9108474711966,4.303365363015069,4.314042603326489,4.377568912506104,1.0,-0.2187662829824563,3.0911995494874214,2,XGBoost,Mg_Ca_measurement,14,Lehman caves
812,0.014910364159641,2.566693161266149,3.077583520209674,2.3569788926184527,0.5135467980295566,1.7007180973953675,-4.941655113606528,3,XGBoost,Mg_Ca_measurement,29,Mairs cave
1168,-0.5254889637389544,7.559505231739724,8.51413464627811,8.993154335021973,0.634417808219178,0.780483453078636,-1.9932445964346692,4,XGBoost,Mg_Ca_measurement,70,Abaco Island cave
518,-26.672003829519305,27.601297252231216,28.12725769703961,26.91354389190674,1.0,-1.5363446727947396,33.189147693678144,5,XGBoost,Mg_Ca_measurement,79,Dim cave
234,-30.52982061674468,16.857849731445313,17.119742061014442,16.382290573120116,1.0,5.558354692892956,-6.2363172466453065,6,XGBoost,Mg_Ca_measurement,104,Liang Luar
1004,-13.245352429123091,3.753169974486041,4.021174626752214,4.371815652189851,1.0,-1.1194631464841764,9.550816011358512,7,XGBoost,Mg_Ca_measurement,117,Bunker cave
287,-0.3815978051075388,0.7590620975941301,0.8662235646567423,0.7762261146632143,0.6306620209059234,0.8030808430581303,0.5216622590342777,8,XGBoost,Mg_Ca_measurement,137,Kinderlinskaya cave
644,-37.21370315753603,24.23279896557328,24.56512211614793,24.09033460105896,1.0,-0.7675246878900501,32.14888799309661,9,XGBoost,Mg_Ca_measurement,144,Botuverá cave
1477,-8.651141557027103,11.775206229242572,12.30837686412834,11.10374819671631,1.0,1.0154343499038545,11.654610074734794,10,XGBoost,Mg_Ca_measurement,177,Santo Tomas cave
1595,-20972.55631984385,21.28353150934164,21.316232384494224,21.368235034179698,1.0,-0.0518812734307926,2.2478961506563837,11,XGBoost,Mg_Ca_measurement,179,Closani cave
116,-392.85464901445937,9.393414141359074,9.405738356558093,9.480657778933338,1.0,-0.4062854934176313,6.736005915781936,12,XGBoost,Mg_Ca_measurement,182,Kotumsar cave
44,-13.73613185903678,4.409271808346988,4.561875767951713,4.312762648183642,1.0,1.506392389670884,-1.0500246382106102,13,XGBoost,Mg_Ca_measurement,201,Moondyne cave
255,-219.84640264077885,8.09085301103779,8.16629499706152,7.909403953552246,1.0,0.0297561293273518,2.167126476989784,14,XGBoost,Mg_Ca_measurement,232,Rio Secreto cave system
244,-13674.454777508538,7.028213103915009,7.034222287214162,7.022619234554265,1.0,-0.0570262139469344,0.738100904507607,15,XGBoost,Mg_Ca_measurement,259,Cobre cave
119,-0.1939431689880781,2.848318050110429,3.257561387110401,3.0000881940838937,0.5882352941176471,0.6858084691961331,1.0114907350991729,16,XGBoost,Mg_Ca_measurement,268,Pere Noel cave
424,-1003.4230437897074,10.027972322915344,10.03565374745022,10.033152528914234,1.0,0.2370441536931405,-1.2073294745519318,17,XGBoost,Mg_Ca_measurement,269,Gejkar cave
213,-1056.5202177262388,4.961704718035754,4.969858019523049,4.978296431073428,1.0,-0.2537884162961048,2.297209659155536,18,XGBoost,Mg_Ca_measurement,270,Gol-E-Zard cave
131,-160.0508760222965,2.711724661085219,2.7987303272276804,2.359214485268473,1.0,0.0804243034624727,0.7016796329085886,19,XGBoost,Mg_Ca_measurement,271,Jersey cave
43,0.0549345455501609,2.4865351194791883,2.7822797838262416,2.564054021905596,0.5581395348837209,2.917545407084984,-12.230122186325188,20,XGBoost,Mg_Ca_measurement,298,Belum cave
79,-15.138283517092953,1.392595555664235,1.4390125378979204,1.3329123079442424,1.0,-0.0306176492470457,3.4258299459677453,21,XGBoost,Mg_Ca_measurement,300,Careys cave
377,-371.0937692068703,13.87571899322506,14.503021031516711,15.753529640904508,1.0,0.0382913527951822,1.2363474536391066,22,XGBoost,Mg_Ca_measurement,305,Cueva Rosa
86,-2235377.4071943834,9.545636272377193,9.56495595499706,9.367195641479492,1.0,0.001135123925419,0.021044570021662,23,XGBoost,Mg_Ca_measurement,309,Goda Mea cave
90,-2000496316.1108432,12.21053645010007,12.225032392457136,12.531807226149414,1.0,8.651531288477825e-05,0.0006290520108662,24,XGBoost,Mg_Ca_measurement,313,Herbstlabyrinth cave
46,-27.32193295237248,11.688604866611646,11.897390452796714,11.40362220199585,1.0,14.118018559844502,-17.610941912012045,25,XGBoost,Mg_Ca_measurement,315,Huangchao cave
662,-0.4754134742761584,6.392069649034611,7.35273290946429,5.653496918672422,0.459214501510574,-2.757929230706411,19.215181460028,26,XGBoost,Mg_Ca_measurement,316,Hüttenbläserschachthöhle
27,-15.425265185407897,6.041866104524535,6.269642635722837,6.083140355489766,1.0,-3.952495319248785,18.8141460605348,27,XGBoost,Mg_Ca_measurement,320,Katalekhor
125,-4.26439488615001,12.875652202203511,14.260529449172624,13.658846412676157,1.0,12.97414782591928,-6.744239838504255,28,XGBoost,Mg_Ca_measurement,324,La Vallina
1880,-16493.23001249162,15.766420317893331,15.798381772897576,15.697042846679688,1.0,-0.003692209229229,1.0136638403356932,29,XGBoost,Mg_Ca_measurement,325,Larga cave
99,-36.570177857163976,8.438191267438159,8.5637184802004,8.700526888372686,1.0,-1.621450029205191,23.42690967223569,30,XGBoost,Mg_Ca_measurement,337,Pir Ghar cave
76,-9.369878406369622,2.4129183903020865,2.535997973661745,2.353259329522696,1.0,0.7412788826111784,-0.7082286914747931,31,XGBoost,Mg_Ca_measurement,338,Coves del pirata
930,-0.4112509306532241,1.6135379715909552,2.1635305654662678,1.3069855422634538,0.4064516129032258,0.4385111280680812,4.379496658257507,32,XGBoost,Mg_Ca_measurement,342,Sa balma des quartó cave
182,0.0601192954910727,2.532272213727233,2.9777600182109434,2.4221431315880166,0.456043956043956,10.592724264839196,-78.02663648946748,33,XGBoost,Mg_Ca_measurement,357,Yonderup cave
251,-5.410398313646693,10.8170442229718,11.767194198756396,11.183003926420234,0.9920318725099602,1.720229048534483,3.905094809754562,34,XGBoost,Mg_Ca_measurement,359,Zoolithen cave
688,-13.669221649751163,18.49171780298703,19.153539029125785,18.682027144447048,1.0,0.8589631845506435,19.17065658946459,35,XGBoost,Mg_Ca_measurement,360,Bigonda cave
317,-834.4559549804576,2.080848428279992,2.08844727642535,2.053591540863704,1.0,0.070115670176735,0.683591307287849,36,XGBoost,Mg_Ca_measurement,361,Kocain cave
124,-177.33282770415025,8.438904236211409,8.46610585798133,8.468821466806698,1.0,0.2319071383535114,2.9619794566651017,37,XGBoost,Mg_Ca_measurement,362,Labyrinth cave
941,-680.0942089371332,7.073205806419057,7.099437678682488,7.052879207380537,1.0,0.057561619243659,1.053567817068797,38,XGBoost,Mg_Ca_measurement,363,Lake Shasta cave
390,-3.429490231207784,6.76264319854433,7.639338542191404,6.167553853331593,0.9846153846153848,1.8578874858281884,0.1556953783284154,39,XGBoost,Mg_Ca_measurement,364,Naharon
574,-13131.074946983665,10.268354839696949,10.328389154176996,9.847390312597105,1.0,0.0053369332566068,0.794004844128291,40,XGBoost,Mg_Ca_measurement,366,Savi cave
544,-3706.076220413471,9.332670323106496,9.352628733435886,9.40432305778777,1.0,-0.0283470391657969,0.5501611743502159,0,CatBoost,Mg_Ca_measurement,2,Kesang cave
116,-796.6940460559937,8.07120781818473,8.180041996080925,8.215799347610439,1.0,0.1030973877700055,-0.1632546357814638,1,CatBoost,Mg_Ca_measurement,4,Villars cave
72,-298.57380107479867,3.1369920277058805,3.16405122553846,3.1686680517682166,1.0,-0.0732360922090625,2.1228102556022588,2,CatBoost,Mg_Ca_measurement,14,Lehman caves
812,-0.5561234267007449,2.866532406852991,3.868067046507775,1.8057137171291384,0.7019704433497537,3.52668063248786,-26.01425907321138,3,CatBoost,Mg_Ca_measurement,29,Mairs cave
1168,-0.6538155054600756,7.810431094305593,8.865015691867999,9.717722969634504,0.6429794520547946,1.8827307755044675,-18.650634244039715,4,CatBoost,Mg_Ca_measurement,70,Abaco Island cave
518,-22.811230954517374,25.539009565202875,26.09143775315869,24.910597799755227,1.0,0.5978417986319925,27.25437488188224,5,CatBoost,Mg_Ca_measurement,79,Dim cave
234,-16.306639523514665,12.340511136175474,12.683608868881144,11.715850466345533,1.0,4.244425749681716,-18.753016968366268,6,CatBoost,Mg_Ca_measurement,104,Liang Luar
1004,-7.898758105709925,2.8087617224550225,3.1781986236025186,3.5388716675678165,0.9143426294820716,-1.5873507127134272,10.966872306912457,7,CatBoost,Mg_Ca_measurement,117,Bunker cave
287,-1.7399378701119683,0.976367636616446,1.219858717817457,0.7283232052725559,0.4320557491289198,-0.1814363296298503,5.388659434615353,8,CatBoost,Mg_Ca_measurement,137,Kinderlinskaya cave
644,-40.38787042850176,25.243389895824052,25.565006350799308,25.174189382910797,1.0,-0.5107951936534518,30.482886597901352,9,CatBoost,Mg_Ca_measurement,144,Botuverá cave
1477,-6.993506928075552,10.56463176728278,11.20160154642009,9.88165306360384,0.997291807718348,0.6954601025382893,13.312819746499958,10,CatBoost,Mg_Ca_measurement,177,Santo Tomas cave
1595,-6577.049472627952,11.920871441837193,11.937763631782635,11.810154786104189,1.0,-0.0808310208250428,2.1387318456938185,11,CatBoost,Mg_Ca_measurement,179,Closani cave
116,-365.7511826556959,9.064032857163514,9.0763381360227,9.11524715389626,1.0,0.5882650404207007,-4.477248157254784,12,CatBoost,Mg_Ca_measurement,182,Kotumsar cave
44,-35.35426019506346,7.070908918541193,7.165217208240271,6.847773114789638,1.0,0.7666282616513876,8.965683491324395,13,CatBoost,Mg_Ca_measurement,201,Moondyne cave
255,-302.4386442109832,9.552408557996465,9.572278906159552,9.628633198367975,1.0,-0.984195192701699,14.325662368755014,14,CatBoost,Mg_Ca_measurement,232,Rio Secreto cave system
244,-16517.754179568947,7.718898451390209,7.730967447076677,7.641954798565997,1.0,-0.0414843325995369,0.6525622882657206,15,CatBoost,Mg_Ca_measurement,259,Cobre cave
119,-0.4585145639962815,3.1412883633547546,3.600444875275977,3.251408349054655,0.5378151260504201,-0.6443030722767754,11.06909359705034,16,CatBoost,Mg_Ca_measurement,268,Pere Noel cave
424,-127.2808083233459,3.5518380623368357,3.586478062760561,3.603314069337189,1.0,0.1655922436274754,0.6911339905750032,17,CatBoost,Mg_Ca_measurement,269,Gejkar cave
213,-1073.171358142047,4.99751121521345,5.008831550610347,5.0555784537400585,1.0,-0.1373816048869676,1.6281817054152483,18,CatBoost,Mg_Ca_measurement,270,Gol-E-Zard cave
131,-399.83523536739744,4.3558419449841175,4.415322736680956,4.310518845138976,1.0,-0.1251784090540586,1.6706713179866022,19,CatBoost,Mg_Ca_measurement,271,Jersey cave
43,-1.0560716782326534,3.4850855418581386,4.103826403720646,4.261222324146179,0.7209302325581395,-1.6882212794204197,21.20641618782833,20,CatBoost,Mg_Ca_measurement,298,Belum cave
79,-65.48140895296768,2.877744754224527,2.9206937070996712,2.716503885691915,1.0,0.1494352600008082,2.432476580469956,21,CatBoost,Mg_Ca_measurement,300,Careys cave
377,-257.8503383174147,11.793192133082076,12.096414117625878,12.49841305281649,1.0,0.0688318762671459,0.8997849881385326,22,CatBoost,Mg_Ca_measurement,305,Cueva Rosa
86,-1272436.4457969095,7.207100047241045,7.216484270851643,7.353258541909103,1.0,-0.0015726994788949,0.0433010762738684,23,CatBoost,Mg_Ca_measurement,309,Goda Mea cave
90,-979016871.9362848,8.54972465582459,8.552168102278868,8.576030133372559,1.0,0.0005271190078457,-0.0028220146655183,24,CatBoost,Mg_Ca_measurement,313,Herbstlabyrinth cave
46,-14.619624258204254,8.559639448941132,8.835386670999801,8.143123772415695,1.0,4.267488854720997,-8.962269204107935,25,CatBoost,Mg_Ca_measurement,315,Huangchao cave
662,-0.8856776167306672,7.437316549014754,8.31238482164603,7.524195145804187,0.4984894259818731,-1.4246261583693411,15.03203321439678,26,CatBoost,Mg_Ca_measurement,316,Hüttenbläserschachthöhle
27,-2.239188024464278,2.514587312353533,2.784227195493828,2.3546572488257187,0.7777777777777778,-0.0802845189784548,9.137446263637209,27,CatBoost,Mg_Ca_measurement,320,Katalekhor
125,-3.998462608057397,12.467473680824178,13.895674882226745,13.13474984988738,1.0,9.042587814233736,-3.993286526632458,28,CatBoost,Mg_Ca_measurement,324,La Vallina
1880,-14849.407573065271,14.96160961911864,14.990487886018936,14.784510749790297,1.0,0.0097054903634215,0.7974874049065428,29,CatBoost,Mg_Ca_measurement,325,Larga cave
99,-38.100256963055465,8.553757402559572,8.73636081629061,9.013411896793787,1.0,-0.9006637001999624,19.201568725780845,30,CatBoost,Mg_Ca_measurement,337,Pir Ghar cave
76,-14.571500070664024,2.9720219351612718,3.107615623662915,2.800843122691186,1.0,-0.579404628169533,8.317580939312535,31,CatBoost,Mg_Ca_measurement,338,Coves del pirata
930,-1.353080605343199,2.2320287356464785,2.793697097517258,1.901046211782465,0.7215053763440861,0.957329442884214,2.376292866015291,32,CatBoost,Mg_Ca_measurement,342,Sa balma des quartó cave
182,-0.0216821307432775,2.6732401823875693,3.104639841027629,2.7478859356021705,0.4615384615384615,0.4037805372919514,4.899037137540958,33,CatBoost,Mg_Ca_measurement,357,Yonderup cave
251,-9.85864487020278,14.560795087434574,15.31504326515084,14.93191259358279,1.0,-4.982163388801563,49.54007781987579,34,CatBoost,Mg_Ca_measurement,359,Zoolithen cave
688,-12.219276373341676,17.483665625780827,18.182321672340517,17.682824792065908,1.0,0.9069890585793676,18.02517197381166,35,CatBoost,Mg_Ca_measurement,360,Bigonda cave
317,-1592.2012098532855,2.870960917958863,2.884011913851617,2.8360270511888848,1.0,-0.0958344472725184,1.252662015818519,36,CatBoost,Mg_Ca_measurement,361,Kocain cave
124,-190.1630851975742,8.736697988678019,8.765366144016888,8.736377875453847,1.0,0.2429742130582516,2.7253534920676405,37,CatBoost,Mg_Ca_measurement,362,Labyrinth cave
941,-1377.6436993269604,10.050842553952172,10.100581505784524,9.898907747335045,1.0,-0.0121351665689892,1.6907067456409206,38,CatBoost,Mg_Ca_measurement,363,Lake Shasta cave
390,-4.514599726086519,7.711184642939856,8.523851595720986,7.159947081805765,0.9923076923076924,-0.2846484219357708,16.319941990923354,39,CatBoost,Mg_Ca_measurement,364,Naharon
574,-4327.482023985897,5.91566281015104,5.929713708303109,5.924524101416086,1.0,0.0569251394391534,0.4680330906015932,40,CatBoost,Mg_Ca_measurement,366,Savi cave
544,-7011.45224971782,12.508228455823094,12.863314720604889,13.786092255443226,1.0,-0.026135853417941,0.611906705723308,0,BiLSTM,Mg_Ca_measurement,2,Kesang cave
116,-881.6289867195562,7.865059643319684,8.60451609242185,6.469738852975842,1.0,0.0446461758603968,0.3613110062497411,1,BiLSTM,Mg_Ca_measurement,4,Villars cave
72,-58.47891913866677,1.390404098563724,1.4098507023816065,1.4185197591781615,1.0,-0.4182792733374857,1.9201098355887023,2,BiLSTM,Mg_Ca_measurement,14,Lehman caves
812,-0.4898167015718755,3.314912233776609,3.784760409522101,2.902542925932617,0.7475369458128078,3.806336577825503,-10.084650228618976,3,BiLSTM,Mg_Ca_measurement,29,Mairs cave
1168,-4.240544324453432,14.62556379644838,15.780624222836789,17.105475845336912,0.9126712328767124,1.1209120088559856,-17.21465438871541,4,BiLSTM,Mg_Ca_measurement,70,Abaco Island cave
518,-26.48760305938704,27.44377044249465,28.033383800341177,26.564153971862797,1.0,-0.3975753946552007,30.74294063886111,5,BiLSTM,Mg_Ca_measurement,79,Dim cave
234,-9.278603149948742,9.134832829532462,9.774701781932842,9.01715301513672,0.9401709401709402,0.4165712091042126,16.596510872921407,6,BiLSTM,Mg_Ca_measurement,104,Liang Luar
1004,-14.473522650693225,3.0009855551827007,4.19093506602166,1.746282104018776,0.5278884462151394,0.1782232547395671,1.559937603676993,7,BiLSTM,Mg_Ca_measurement,117,Bunker cave
287,-22.56721858550732,3.484478690919789,3.57761284950081,3.234943273272308,1.0,-2.4725066382109686,7.607004999831269,8,BiLSTM,Mg_Ca_measurement,137,Kinderlinskaya cave
644,-38.94530501767547,24.80798446033679,25.11552353086425,24.47954702163696,1.0,0.8382021804471689,25.43955326404272,9,BiLSTM,Mg_Ca_measurement,144,Botuverá cave
1477,-17.592450028293417,16.548664544782593,17.08361414813252,16.189034286804198,0.989844278943805,0.2955203694549711,18.690305667403315,10,BiLSTM,Mg_Ca_measurement,177,Santo Tomas cave
1595,-247.98490751958929,1.906650541058968,2.3225277900438344,1.4038493465423685,0.9968652037617556,-0.0523105693147673,1.2438625750795274,11,BiLSTM,Mg_Ca_measurement,179,Closani cave
116,-251.2879779158376,7.494257932663036,7.527888597155362,7.646200184543334,1.0,-0.5915564479653511,7.73751679465744,12,BiLSTM,Mg_Ca_measurement,182,Kotumsar cave
44,-30.953181792084923,6.591591037646359,6.717516777061445,6.402250692550488,1.0,0.1568748623013153,13.841155306481564,13,BiLSTM,Mg_Ca_measurement,201,Moondyne cave
255,-836.0884457010541,15.87850817571902,15.898844920501771,16.00111015319824,1.0,0.2002610111862809,-1.195113469356476,14,BiLSTM,Mg_Ca_measurement,232,Rio Secreto cave system
244,-3.560191597423863,0.1069243544185102,0.1284507795886192,0.0968972177168205,0.2868852459016393,0.0032262809819295,0.3180181671527858,15,BiLSTM,Mg_Ca_measurement,259,Cobre cave
119,-1.6767945653835263,4.000932141735431,4.877623808769261,3.0581334250157592,0.6134453781512605,0.0933066221457947,5.915531150290799,16,BiLSTM,Mg_Ca_measurement,268,Pere Noel cave
424,-34.00510485574142,1.6521197379435466,1.8734971047197213,1.5439332914384636,0.8655660377358491,0.1077076449001007,1.199767075166299,17,BiLSTM,Mg_Ca_measurement,269,Gejkar cave
213,-7.397982704303663,0.4036713113763809,0.4428810828405045,0.4146468074476427,0.8403755868544601,0.1531855923819484,0.6400250997501927,18,BiLSTM,Mg_Ca_measurement,270,Gol-E-Zard cave
131,-52.27024551967932,1.17104533195774,1.609614432051725,0.932149826234945,0.8854961832061069,-0.1348694184010819,1.2881821770604258,19,BiLSTM,Mg_Ca_measurement,271,Jersey cave
43,-1.0960341360204722,2.979808416520131,4.143516108744631,1.43898600982578,0.5581395348837209,-2.939441574735201,16.78995174776219,20,BiLSTM,Mg_Ca_measurement,298,Belum cave
79,-13.439365871111052,1.0712660669139549,1.3611624752873124,0.7824166681387106,0.5063291139240507,-0.0422185206528458,3.5114123843463547,21,BiLSTM,Mg_Ca_measurement,300,Careys cave
377,-387.3860586192134,13.627723517982185,14.817130094672788,14.11792742899932,1.0,0.026334824000026,1.4307604889265233,22,BiLSTM,Mg_Ca_measurement,305,Cueva Rosa
86,-298160.8491341077,3.489099703225425,3.493280707084946,3.4865669292831423,1.0,-0.0083288537981174,0.0612423064071389,23,BiLSTM,Mg_Ca_measurement,309,Goda Mea cave
90,-245407577.80140883,4.280843461174561,4.2817876559809465,4.310139550877929,1.0,-0.0008279484438465,0.0052313094910214,24,BiLSTM,Mg_Ca_measurement,313,Herbstlabyrinth cave
46,-32.85668789258488,12.81437491456654,13.008059192522673,12.547539404945374,1.0,-4.398138231911763,18.79424045369698,25,BiLSTM,Mg_Ca_measurement,315,Huangchao cave
662,-5.663350478742386,12.852058663868725,15.625655534890232,8.772139930261408,0.6555891238670695,-0.153772306207884,8.869145434178705,26,BiLSTM,Mg_Ca_measurement,316,Hüttenbläserschachthöhle
27,-24.53384872292376,7.657423037786265,7.81708316997927,7.64286165435721,1.0,-4.2733805256948045,12.73780615811398,27,BiLSTM,Mg_Ca_measurement,320,Katalekhor
125,-4.362812874788839,13.021747868135217,14.393212661776683,13.64334252931434,1.0,22.15705391206895,-18.55357427281665,28,BiLSTM,Mg_Ca_measurement,324,La Vallina
1880,-16479.28219116702,14.740063953075005,15.791700660491768,15.504454345703124,1.0,-0.0009566975645981,0.9669486685143888,29,BiLSTM,Mg_Ca_measurement,325,Larga cave
99,-83.99396799140989,12.815683045031598,12.880561900062636,12.947186704808582,1.0,3.6020372311168223,9.328358176796108,30,BiLSTM,Mg_Ca_measurement,337,Pir Ghar cave
76,-3.80183045244684,1.280781890497406,1.7257007225287195,0.8849666957759057,0.6710526315789473,-0.5476298305934878,7.110822171771076,31,BiLSTM,Mg_Ca_measurement,338,Coves del pirata
930,-3.81942069479908,3.3754296260749648,3.9981430943519705,3.049717761761604,0.710752688172043,0.228430641385279,6.041933643399101,32,BiLSTM,Mg_Ca_measurement,342,Sa balma des quartó cave
182,-1.1120712862858109,3.654324515027673,4.463829661964325,3.504696222476748,0.5604395604395604,-0.569433570200697,14.833895422691793,33,BiLSTM,Mg_Ca_measurement,357,Yonderup cave
251,-9.53860293624358,14.059515353167406,15.087661575648331,14.440023297605611,0.9880478087649402,-0.6330100690128146,24.42674958611923,34,BiLSTM,Mg_Ca_measurement,359,Zoolithen cave
688,-18.617593341582,21.5428874226443,22.149726063051936,22.18709366415819,0.994186046511628,0.3564696725356115,22.6772654585479,35,BiLSTM,Mg_Ca_measurement,360,Bigonda cave
317,-6829.5651616464565,5.931620293914128,5.971591012337143,6.02184247121135,1.0,-0.0631068219317031,1.3226565103509949,36,BiLSTM,Mg_Ca_measurement,361,Kocain cave
124,-226.67057575993925,9.525948606001272,9.565804470089736,9.595415909133871,1.0,0.0205024236625419,6.077594982141033,37,BiLSTM,Mg_Ca_measurement,362,Labyrinth cave
941,-7.899530122307656,0.7326063305798871,0.8115287235131624,0.7142675866464876,0.8459086078639745,0.1656324647748268,1.4141410974319957,38,BiLSTM,Mg_Ca_measurement,363,Lake Shasta cave
390,-2.091171977622793,5.039565955894709,6.3817599805743015,4.214619580866227,0.4102564102564102,-0.0137492262629232,14.656443997730683,39,BiLSTM,Mg_Ca_measurement,364,Naharon
574,-221.30011767298487,0.8099475466785971,1.3438034846290123,0.4807558446119304,0.705574912891986,0.0109733362379551,0.8353248917885543,40,BiLSTM,Mg_Ca_measurement,366,Savi cave
544,-13547.722527594771,17.698214916172233,17.879983401188046,17.965040533447272,1.0,0.009459774382283,0.1076862210420778,0,Transformer,Mg_Ca_measurement,2,Kesang cave
116,-2393.2982222219234,11.517285483000324,14.171847802266443,8.2356104937069,1.0,0.0258367125261258,0.4289142197447968,1,Transformer,Mg_Ca_measurement,4,Villars cave
72,-26.587564044977697,0.9414227091603808,0.9601703001226616,0.959574955701828,1.0,-2.447266360618852,3.776682703285165,2,Transformer,Mg_Ca_measurement,14,Lehman caves
812,-0.8311897199739477,3.902112119145517,4.196030570543092,3.652526085920712,0.6970443349753694,-4.854896489251354,29.573665154370225,3,Transformer,Mg_Ca_measurement,29,Mairs cave
1168,-0.1780761651808851,6.910130816600094,7.48208544849504,7.248434085845947,0.6215753424657534,0.0612731008150805,8.234621393825162,4,Transformer,Mg_Ca_measurement,70,Abaco Island cave
518,-24.29690541323385,26.25823103924755,26.89309500110011,25.502559539604185,1.0,0.0249238016581701,29.71602464715367,5,Transformer,Mg_Ca_measurement,79,Dim cave
234,-19.362163010139096,13.476302985492936,13.757781950768395,13.684962158203126,0.9957264957264956,0.5991543278329138,16.8626011462274,6,Transformer,Mg_Ca_measurement,104,Liang Luar
1004,-0.9168641254093964,1.1349062328536594,1.4750678562292157,0.9248650780656242,0.4213147410358566,0.3428794864497959,1.4026134932395922,7,Transformer,Mg_Ca_measurement,117,Bunker cave
287,-16.927983723581963,3.0390358665062367,3.120361432248973,2.969448734650862,1.0,0.6760167795699422,3.5679816143226653,8,Transformer,Mg_Ca_measurement,137,Kinderlinskaya cave
644,-46.62764683775941,27.13827425401771,27.424513169997248,26.753684473495483,1.0,10.682604114510422,11.906040329422524,9,Transformer,Mg_Ca_measurement,144,Botuverá cave
1477,-16.59766688156296,16.242727579934645,16.62030497404016,15.735519425277708,0.999322951929587,0.9161054217648176,16.5234362948599,10,Transformer,Mg_Ca_measurement,177,Santo Tomas cave
1595,-2074.9903085148308,6.441898241505501,6.706363179969366,5.823536851501465,1.0,-0.0254031092794592,1.2785347522067605,11,Transformer,Mg_Ca_measurement,179,Closani cave
116,-585.2941471420501,11.405011404761026,11.475792446039824,11.682742988665218,1.0,-0.2191474227801015,5.030458365953558,12,Transformer,Mg_Ca_measurement,182,Kotumsar cave
44,-33.251480822441344,6.58773847517549,6.954907861753586,7.050459295348194,1.0,-0.4664921949835902,19.202939220954327,13,Transformer,Mg_Ca_measurement,201,Moondyne cave
255,-404.7116908220065,10.815939724342496,11.06849722847486,11.300956077575684,1.0,-0.0488336287840049,3.13109873697683,14,Transformer,Mg_Ca_measurement,232,Rio Secreto cave system
244,-961.296558031642,1.7744037334480878,1.8659485537621745,1.623800309838169,1.0,-0.0318204096869794,0.3857273288205792,15,Transformer,Mg_Ca_measurement,259,Cobre cave
119,-0.2139790712150373,2.395573718062193,3.284780703676087,1.4616212406703817,0.3697478991596639,0.7215312021505617,2.8647008956649707,16,Transformer,Mg_Ca_measurement,268,Pere Noel cave
424,-883.2250992956214,7.483278112862353,9.416049958479167,6.036598115802002,0.8372641509433962,0.0297736351056294,1.2655845182151295,17,Transformer,Mg_Ca_measurement,269,Gejkar cave
213,-11.546982449209134,0.5134395129954868,0.541338964169936,0.5465360550349097,0.9624413145539906,-0.9879620682734008,2.152528782554038,18,Transformer,Mg_Ca_measurement,270,Gol-E-Zard cave
131,-8957.990205640446,20.374291459419123,20.874161491379564,21.85168061691049,1.0,0.0294039719611396,0.3717141172242414,19,Transformer,Mg_Ca_measurement,271,Jersey cave
43,-5.300460310299344,6.526774886489745,7.183829163952236,7.171040845545035,0.4186046511627907,-0.3392165409228849,8.528692829235837,20,Transformer,Mg_Ca_measurement,298,Belum cave
79,-102.73166092155915,3.1032715367339128,3.648308653701233,3.254250933228904,0.7468354430379747,0.0363236422057122,3.13045982706137,21,Transformer,Mg_Ca_measurement,300,Careys cave
377,-242.38113762918,10.875916909736576,11.729398360516338,9.916586463516088,1.0,-0.0544062118860974,2.5297675999739204,22,Transformer,Mg_Ca_measurement,305,Cueva Rosa
86,-48844.14057241855,1.4106123776790709,1.413898164419036,1.427797208328247,1.0,-0.0077509162677624,0.0430971979020754,23,Transformer,Mg_Ca_measurement,309,Goda Mea cave
90,-31930446.263485342,1.5437617215369737,1.544484810136717,1.5449280689927674,1.0,-0.0018054937344553,0.0044758916713672,24,Transformer,Mg_Ca_measurement,313,Herbstlabyrinth cave
46,-17.08789031181132,9.18001907149937,9.507891724148784,9.09619821472168,1.0,-0.3502947988668821,15.58327941622452,25,Transformer,Mg_Ca_measurement,315,Huangchao cave
662,-1.7752992739298348,8.563221924308731,10.084324882496066,7.430698754368542,0.4169184290030212,-0.6153578984355902,9.164672934475924,26,Transformer,Mg_Ca_measurement,316,Hüttenbläserschachthöhle
27,-18.63714345757045,6.564960451754246,6.855288690560464,6.691595926616644,1.0,-0.9588072877857184,10.592002159135538,27,Transformer,Mg_Ca_measurement,320,Katalekhor
125,-3.900627168167138,12.38227127130294,13.759012087993424,12.522707258487598,1.0,3.575828605514224,6.890857428881645,28,Transformer,Mg_Ca_measurement,324,La Vallina
1880,-3438.5990482963266,6.487571945525231,7.214404540242364,5.807789611816407,1.0,-0.0024087842857988,0.969856340456029,29,Transformer,Mg_Ca_measurement,325,Larga cave
99,-97.94817330414855,13.832639483652482,13.89775486328644,13.960224889481662,1.0,5.482688928211204,12.383510681753409,30,Transformer,Mg_Ca_measurement,337,Pir Ghar cave
76,-364.6276169762816,15.027941670746989,15.058494897460315,14.935066779467467,1.0,0.2761315995041255,-1.1268224873171755,31,Transformer,Mg_Ca_measurement,338,Coves del pirata
930,-6.414716051976028,4.619233970109652,4.959160641757718,4.399943576796737,0.9978494623655914,1.4403875991353032,3.613751917572378,32,Transformer,Mg_Ca_measurement,342,Sa balma des quartó cave
182,-7.1095815390182455,8.465189892932035,8.746867544742578,8.015782047683597,0.7582417582417582,0.700930644720104,-3.392115895261384,33,Transformer,Mg_Ca_measurement,357,Yonderup cave
251,-3.687388577339332,8.853153225540346,10.062268268243816,8.724360340956043,0.8764940239043825,-0.4230773495858302,25.382124012545837,34,Transformer,Mg_Ca_measurement,359,Zoolithen cave
688,-20.84109535624061,22.80883798550988,23.37129100873949,23.254329277894165,1.0,-9.526048820311988,28.038090532295136,35,Transformer,Mg_Ca_measurement,360,Bigonda cave
317,-16.89944249826365,0.2415821156155838,0.3056901806690275,0.1886087135190692,0.4763406940063091,-0.0054343020597656,0.8978334631758109,36,Transformer,Mg_Ca_measurement,361,Kocain cave
124,-88.09717509713794,5.761865620461683,5.984116140646145,6.117134949413538,1.0,0.0557379858330031,5.726089585752638,37,Transformer,Mg_Ca_measurement,362,Labyrinth cave
941,-3.0291566790921705,0.4841491288160899,0.54604374331857,0.4734879329912314,0.8767268862911796,1.1118908644443872,0.3642289306170914,38,Transformer,Mg_Ca_measurement,363,Lake Shasta cave
390,-13.603247849339224,13.331276566859303,13.870867093841731,12.894771352286632,1.0,-1.0184993731137997,15.511948168971308,39,Transformer,Mg_Ca_measurement,364,Naharon
574,-41.960161247078,0.5108009095025462,0.5907433861084079,0.4397978503252842,0.5052264808362369,0.0297060333535361,0.8233499665825573,40,Transformer,Mg_Ca_measurement,366,Savi cave
544,-5.489023505522019,0.1600824573316619,0.1994967134518201,0.1346265215270067,0.6286764705882353,0.2423539249542722,0.0958109372574226,0,RandomForest,Sr_Ca_measurement,2,Kesang cave
116,-13.445841049912667,0.0154198402261721,0.0196711745222484,0.0115750210642071,0.6724137931034483,-0.079161417615744,0.0207794624875027,1,RandomForest,Sr_Ca_measurement,4,Villars cave
72,-2795847520.4118943,0.7110218048442728,0.7135505303054067,0.7293951040864273,1.0,6.492361121750185e-05,6.80943672397144e-05,2,RandomForest,Sr_Ca_measurement,14,Lehman caves
812,-11.987579856674875,0.1629962603979198,0.1886533065048326,0.1985258243283297,0.854679802955665,-0.4943787021105104,0.3623048815047045,3,RandomForest,Sr_Ca_measurement,29,Mairs cave
1168,-2.888781292043003,0.9578278603294522,1.0926331465762615,0.8733160716744297,1.0,7.752511922767452,-4.180597023104034,4,RandomForest,Sr_Ca_measurement,70,Abaco Island cave
518,-133.25989067071166,0.022947359975524,0.0755513731572422,0.0165807979152794,0.9575289575289576,0.0162640783883339,0.0483810352657098,5,RandomForest,Sr_Ca_measurement,79,Dim cave
234,-97.53841119718068,0.0292051739357934,0.0293642834852868,0.0291952341742384,1.0,-4.2744546428141845,0.1692565663864152,6,RandomForest,Sr_Ca_measurement,104,Liang Luar
1004,-2.176497783493626,0.0216509291932265,0.02500210871404,0.0205314908929755,0.9103585657370518,-1.5816072958688805,0.1541238997691407,7,RandomForest,Sr_Ca_measurement,117,Bunker cave
287,-15.404924047622565,0.0933703678311549,0.0962920057415313,0.0870876029062252,1.0,0.7932493099544925,0.1080229688785411,8,RandomForest,Sr_Ca_measurement,137,Kinderlinskaya cave
644,-11.938760799072634,0.4313501543377989,0.4495554044536577,0.4217799692636544,1.0,-2.0695108617675246,0.9289908402986712,9,RandomForest,Sr_Ca_measurement,144,Botuverá cave
1477,-322.58395487156355,0.1122901409292273,0.1125305585005224,0.1114966415318487,1.0,0.1663661277753648,0.0075146158758819,10,RandomForest,Sr_Ca_measurement,177,Santo Tomas cave
1595,-4.140987394492368,0.0111891522402611,0.0113873988755116,0.0114794004158369,0.7705329153605016,0.8206944880697367,-0.0045172270843716,11,RandomForest,Sr_Ca_measurement,179,Closani cave
116,-4.616974444751704,0.0256179121589151,0.0283912108023456,0.0263610881692669,0.9741379310344828,-3.464657129249336,0.4178447094115554,12,RandomForest,Sr_Ca_measurement,182,Kotumsar cave
44,0.0725103933143913,0.0132628375963238,0.0159340156263839,0.0111914690523483,0.5454545454545454,2.859395524173552,-0.2697845963783823,13,RandomForest,Sr_Ca_measurement,201,Moondyne cave
255,-19.556179134245767,0.0796865295938077,0.0818836810169033,0.0771188425977703,1.0,0.3155590173474035,0.1419839048366723,14,RandomForest,Sr_Ca_measurement,232,Rio Secreto cave system
244,-27.96999605229452,0.015079535252732,0.0152890993662256,0.0151181482404377,1.0,5.17426491536677,6.337821832220689e-05,15,RandomForest,Sr_Ca_measurement,259,Cobre cave
119,-8.423270885708485,0.0173182626343502,0.0182137497024741,0.0162065343444046,1.0,2.3868622936684267,0.0075134895495946,16,RandomForest,Sr_Ca_measurement,268,Pere Noel cave
424,-277.0209356662497,0.2426307110294579,0.2442136385302683,0.2360740097785164,1.0,0.0548725874541508,0.0751302501422537,17,RandomForest,Sr_Ca_measurement,269,Gejkar cave
213,-76.37904206794188,0.2558397754478267,0.2573715624435679,0.256187691609594,1.0,1.070320718785307,-0.2826421183323883,18,RandomForest,Sr_Ca_measurement,270,Gol-E-Zard cave
131,-8.589066867639573,0.0100030985195844,0.0102811404726289,0.0103150076830416,0.931297709923664,1.1075249832692278,0.0087159459136831,19,RandomForest,Sr_Ca_measurement,271,Jersey cave
43,-0.0389359106179647,0.0509511750579763,0.0571453241194436,0.0475537246282093,0.4651162790697674,0.0817819170814173,0.0797927368624903,20,RandomForest,Sr_Ca_measurement,298,Belum cave
79,-4.677996955027593,0.0989355373232415,0.1089661494626331,0.1129742253820378,1.0,133.94517465947658,-4.432874492352052,21,RandomForest,Sr_Ca_measurement,300,Careys cave
377,-0.1584522958487983,0.0053318812136761,0.0064328568623944,0.0048659506694266,0.506631299734748,-2.394496885034218,0.0956128144917279,22,RandomForest,Sr_Ca_measurement,305,Cueva Rosa
86,-47460.42698134926,0.0235048275369233,0.0235117803095087,0.0236502874133251,1.0,-0.0008831561457751,0.0003297555033669,23,RandomForest,Sr_Ca_measurement,309,Goda Mea cave
90,-50792.46077123101,0.0371032873677921,0.0371251174119771,0.0367688634482032,1.0,0.0073276203025735,0.0016331172683634,24,RandomForest,Sr_Ca_measurement,313,Herbstlabyrinth cave
46,-189.35940862731715,0.1270448176505377,0.1274755618249025,0.1272119857720071,1.0,-0.0278971347253746,0.0670914687336666,25,RandomForest,Sr_Ca_measurement,315,Huangchao cave
662,-0.5543362602691235,0.3622716687894379,0.5383507236050499,0.0433681028531984,0.5196374622356495,35.144183391252774,-2.469462091003504,26,RandomForest,Sr_Ca_measurement,316,Hüttenbläserschachthöhle
27,-4.020593893082394,0.4221847933004205,0.4582210510821456,0.3712021735661503,1.0,4.552328564015223,-0.3236309368883483,27,RandomForest,Sr_Ca_measurement,320,Katalekhor
125,-21.133075662133127,0.0943926544476718,0.0964723968370256,0.0938282054541089,1.0,2.983762501398721,0.06042811333865,28,RandomForest,Sr_Ca_measurement,324,La Vallina
1880,-2.250475869038026,0.0100148788977249,0.0116046120264553,0.0096107627634411,0.6654255319148936,0.2737879856178012,0.0477436666613086,29,RandomForest,Sr_Ca_measurement,325,Larga cave
99,-16.055322788202705,0.1769861214986349,0.1934812072882792,0.1734410369769255,0.9494949494949496,-0.0269450852127347,0.235710642385707,30,RandomForest,Sr_Ca_measurement,337,Pir Ghar cave
76,-93.61549446910728,0.0533312397308485,0.0545551369338974,0.0509327941970498,1.0,-0.2951174906664326,0.0265284091906269,31,RandomForest,Sr_Ca_measurement,338,Coves del pirata
930,-6.989116450917654,0.0798487947108186,0.0860318345257496,0.0791908657984142,0.9849462365591398,-0.4488733002626499,0.1641447614632377,32,RandomForest,Sr_Ca_measurement,342,Sa balma des quartó cave
182,-70.06121927858591,0.2818036100173081,0.2843389644346512,0.2830517757005615,1.0,0.0551025458530057,0.3851209847650857,33,RandomForest,Sr_Ca_measurement,357,Yonderup cave
251,-121.85293331950017,0.036757254032479,0.0540019414482048,0.0133794280377764,0.6892430278884463,0.0011698079572607,0.0405840473487317,34,RandomForest,Sr_Ca_measurement,359,Zoolithen cave
688,-7.177805498737095,0.0295542942188312,0.0310835442875613,0.0317395861196647,0.8851744186046512,0.6612355342462942,-0.0099308142391885,35,RandomForest,Sr_Ca_measurement,360,Bigonda cave
317,-2.5474989171366955,0.0035183667597011,0.0040925387982516,0.0033122428232348,0.8485804416403786,-1.0071811747935793,0.0379620328630145,36,RandomForest,Sr_Ca_measurement,361,Kocain cave
124,-69.8918947108391,0.0591152707470471,0.0595137947879558,0.0595381973371008,1.0,0.8274884934611012,-0.0363364773372994,37,RandomForest,Sr_Ca_measurement,362,Labyrinth cave
941,-86.2036532686504,0.0254849197538868,0.0258419260820851,0.0248283202222817,1.0,0.308337319838767,0.0032855900823946,38,RandomForest,Sr_Ca_measurement,363,Lake Shasta cave
390,-0.3530294452960416,0.1977828601164031,0.2500564530054154,0.1672688958610804,0.4333333333333333,-0.2239362554102451,1.9934533168721025,39,RandomForest,Sr_Ca_measurement,364,Naharon
574,-0.212600924089549,0.0057566904434805,0.0074020141747904,0.0046255228888675,0.3554006968641115,0.2913080656087257,0.0323600984650508,40,RandomForest,Sr_Ca_measurement,366,Savi cave
544,-1.095619274887266,0.1004586758101843,0.1133710747969175,0.1027662727475166,0.6194852941176471,0.3696830844383147,0.0817335562376824,0,XGBoost,Sr_Ca_measurement,2,Kesang cave
116,-110.80850396017716,0.0520188082202836,0.0547263260705301,0.0532153462631456,1.0,-0.0715772508918474,0.0231741889712306,1,XGBoost,Sr_Ca_measurement,4,Villars cave
72,-1147976114.7397237,0.4564871997832987,0.4572296846447838,0.4630712397050858,1.0,0.0001197144175863,5.9602110596292266e-05,2,XGBoost,Sr_Ca_measurement,14,Lehman caves
812,-1.642844374701351,0.0749535061069907,0.0851012817187431,0.0738157469071494,0.4852216748768473,-0.9348965324945372,0.5304599502736959,3,XGBoost,Sr_Ca_measurement,29,Mairs cave
1168,-2.5428958663489567,0.8913395523616714,1.0429099375753184,0.7890626442432404,1.0,10.988571994946058,-7.373736866223557,4,XGBoost,Sr_Ca_measurement,70,Abaco Island cave
518,-50.97507351249703,0.012787225287865,0.0470074587530484,0.0085607522696256,0.5019305019305019,0.0262708431974754,0.0478020374766237,5,XGBoost,Sr_Ca_measurement,79,Dim cave
234,-1641.0240080584083,0.1193182247581135,0.1198688618338374,0.1194606863141059,1.0,0.0816659959972459,-0.0020102210599893,6,XGBoost,Sr_Ca_measurement,104,Liang Luar
1004,-2.852471437616986,0.0250149765893595,0.0275341754020556,0.0252569834784691,0.8127490039840638,1.088834377650404,0.0200200972878799,7,XGBoost,Sr_Ca_measurement,117,Bunker cave
287,-2.9837481385697733,0.0423319041798946,0.0474514030060535,0.0410543895884258,0.4006968641114982,-0.1185991776341386,0.1837272075210733,8,XGBoost,Sr_Ca_measurement,137,Kinderlinskaya cave
644,-11.674452811119442,0.425701376133302,0.4449400408909174,0.4164872257852554,1.0,-1.6458645207380256,0.8696048201830011,9,XGBoost,Sr_Ca_measurement,144,Botuverá cave
1477,-70.99697481041028,0.0492630980719593,0.0530803905028683,0.0472092335033416,0.967501692620176,0.0561421246009778,0.026906797805284,10,XGBoost,Sr_Ca_measurement,177,Santo Tomas cave
1595,-0.8933353402853612,0.0054650400265052,0.006910588521712,0.0045763604432344,0.1166144200626959,0.139390890685908,0.0216713499603195,11,XGBoost,Sr_Ca_measurement,179,Closani cave
116,-1591.416920488462,0.4777468513404733,0.4780365265481907,0.4777301282859577,1.0,0.1632203520751745,-0.0162815563695135,12,XGBoost,Sr_Ca_measurement,182,Kotumsar cave
44,-0.9787710666185075,0.0190610060361811,0.0232738638103697,0.0171148605319774,0.6818181818181818,-0.1662896537560014,0.1584308913998791,13,XGBoost,Sr_Ca_measurement,201,Moondyne cave
255,-472.8491274174508,0.3919758332757388,0.3931390678431513,0.3904892325401306,1.0,-0.3034156638523625,0.3414323286380034,14,XGBoost,Sr_Ca_measurement,232,Rio Secreto cave system
244,-185.61177683841453,0.0367505572973508,0.0388040637349678,0.0424895631841939,0.9795081967213116,0.090066305653907,0.013684710872976,15,XGBoost,Sr_Ca_measurement,259,Cobre cave
119,-158.88486487239877,0.0737504272355067,0.0750243434186424,0.0721421395677542,1.0,0.1681385799852207,0.0078871567424989,16,XGBoost,Sr_Ca_measurement,268,Pere Noel cave
424,-50.54288619167232,0.1016080689564346,0.1051515141353008,0.0971244461030128,1.0,0.0139741517380717,0.0908513708975438,17,XGBoost,Sr_Ca_measurement,269,Gejkar cave
213,-16.40799498740062,0.1185419666897187,0.1220740240935751,0.118946912323283,1.0,0.5427564825998321,-0.0070447279649855,18,XGBoost,Sr_Ca_measurement,270,Gol-E-Zard cave
131,-93.23326394352893,0.0296064829658123,0.0322296238149201,0.0285105682505275,0.9618320610687024,-0.0320266869235092,0.0236190469073466,19,XGBoost,Sr_Ca_measurement,271,Jersey cave
43,-10.944256151765478,0.1829078655443797,0.1937607806978175,0.1983008602653325,0.9534883720930232,-0.0164792176809486,0.0907849240873166,20,XGBoost,Sr_Ca_measurement,298,Belum cave
79,-4.192851963297457,0.0930284208832914,0.1042070251031604,0.1098724264746408,1.0,-8.59172316160826,0.4766486958237108,21,XGBoost,Sr_Ca_measurement,300,Careys cave
377,-60.23659609297032,0.0454590501360639,0.0467703189606541,0.0444999041797571,0.9946949602122016,0.0276669445704287,0.0251963115206818,22,XGBoost,Sr_Ca_measurement,305,Cueva Rosa
86,-229477.5152354507,0.0513821706051294,0.0516994752372041,0.0508407212737083,1.0,0.0078001154519676,-9.447053039601692e-05,23,XGBoost,Sr_Ca_measurement,309,Goda Mea cave
90,-20617.94974580837,0.0235921765089582,0.0236535975780164,0.0236331309470362,1.0,0.0386898431586465,0.0009320325303269,24,XGBoost,Sr_Ca_measurement,313,Herbstlabyrinth cave
46,-44.81432716229699,0.0616538334159229,0.0625374858538789,0.0622292627060413,1.0,0.254456115720041,0.0304032728530102,25,XGBoost,Sr_Ca_measurement,315,Huangchao cave
662,-0.577303440509505,0.3533184374222429,0.542313526919471,0.0214743926493758,0.4138972809667673,28.725026749383147,-1.452398245718005,26,XGBoost,Sr_Ca_measurement,316,Hüttenbläserschachthöhle
27,-5.7544545527215405,0.489037850087975,0.5314869829860305,0.4309514441110122,1.0,-6.268277407707249,1.5291150261754205,27,XGBoost,Sr_Ca_measurement,320,Katalekhor
125,-16.75314220951038,0.0839037748437469,0.0864012051640321,0.0835009148260396,1.0,0.3289615662712009,0.1024312489958929,28,XGBoost,Sr_Ca_measurement,324,La Vallina
1880,-27.64519236136946,0.0315535805337237,0.0344495079984997,0.0314955095052719,0.926595744680851,-0.0078618893281205,0.0625027828941087,29,XGBoost,Sr_Ca_measurement,325,Larga cave
99,-0.3360401831572472,0.0449578296631849,0.0541525082474627,0.0397825346560605,0.2424242424242424,-0.573844035412006,0.3502463330272081,30,XGBoost,Sr_Ca_measurement,337,Pir Ghar cave
76,-69.88607501492625,0.044550260778395,0.0472209786455437,0.0421633268500432,1.0,-0.3016083198932698,0.0242802309659486,31,XGBoost,Sr_Ca_measurement,338,Coves del pirata
930,-1275.8445152601976,1.0842510537599797,1.0876240834300888,1.0825037963140027,1.0,0.0687298039878122,0.0080132493146999,32,XGBoost,Sr_Ca_measurement,342,Sa balma des quartó cave
182,-40.96540437854946,0.217001157742576,0.2185072021007795,0.2153088399472276,1.0,1.4846417407085353,0.1326032834722019,33,XGBoost,Sr_Ca_measurement,357,Yonderup cave
251,-43.75694087924732,0.0291098434229921,0.0325946863200349,0.024147832013117,0.9840637450199204,0.08436174098905,0.0347700517183643,34,XGBoost,Sr_Ca_measurement,359,Zoolithen cave
688,-3.018889682611155,0.0200043006404733,0.0217903992308475,0.0205108276348641,0.8313953488372093,-0.1931551075490283,0.0365585085681532,35,XGBoost,Sr_Ca_measurement,360,Bigonda cave
317,-594.0374834851499,0.0524764221257284,0.0530034125202368,0.0540960220093022,1.0,0.1275291639421427,0.0112232193247216,36,XGBoost,Sr_Ca_measurement,361,Kocain cave
124,-104.21278259454736,0.071892756438978,0.0725026039378277,0.071090013708374,1.0,-0.0894827722909048,0.0858857618616245,37,XGBoost,Sr_Ca_measurement,362,Labyrinth cave
941,-318.8989353835657,0.0484550084329045,0.0494952973360133,0.0493405989513546,0.9861849096705632,0.0786996193534103,0.011051113753019,38,XGBoost,Sr_Ca_measurement,363,Lake Shasta cave
390,-0.7571966414378664,0.2176891904552585,0.2849670356900715,0.1805618693567287,0.2974358974358974,-0.1681671651757983,1.906122585161819,39,XGBoost,Sr_Ca_measurement,364,Naharon
574,-1.2027226124476815,0.0080131527956164,0.0099763314619558,0.0069990060322039,0.2979094076655052,-0.0108782263025137,0.0471700037867644,40,XGBoost,Sr_Ca_measurement,366,Savi cave
544,-11.83671567628586,0.2676652750872532,0.2805905451030321,0.2861501688785328,0.9834558823529412,0.0241589727617492,0.1652984220108146,0,CatBoost,Sr_Ca_measurement,2,Kesang cave
116,-65.4846851800078,0.0408598536996136,0.0422007028137249,0.0410828256851117,1.0,-0.0386183714937445,0.0204305107885902,1,CatBoost,Sr_Ca_measurement,4,Villars cave
72,-264285166.17970827,0.2173251276663053,0.2193837151302424,0.2269222046545638,1.0,0.0001099703461145,9.035200374063195e-05,2,CatBoost,Sr_Ca_measurement,14,Lehman caves
812,-1.1028264468064473,0.0639237195007829,0.0759105295702398,0.0575253902898252,0.5024630541871922,-0.4716897605925629,0.4174239150261075,3,CatBoost,Sr_Ca_measurement,29,Mairs cave
1168,-5.789770401211705,1.3332371122650524,1.4437605017850117,1.2302604936076138,1.0,1.327962928403316,1.206789137157359,4,CatBoost,Sr_Ca_measurement,70,Abaco Island cave
518,-69.6646511164509,0.029179391468364,0.0548113283201115,0.0110436742602842,0.3571428571428571,0.0183023219449783,0.047667798017228,5,CatBoost,Sr_Ca_measurement,79,Dim cave
234,-1485.146925145397,0.1139847987349662,0.1140374517143813,0.1145634587788102,1.0,0.0686591398227304,1.7463446124113893e-05,6,CatBoost,Sr_Ca_measurement,104,Liang Luar
1004,-6.496088724708488,0.0359886921654086,0.0384078255221913,0.0366687604600479,0.9432270916334662,0.5739022191231435,0.0513598668356483,7,CatBoost,Sr_Ca_measurement,117,Bunker cave
287,-16.68852187581455,0.0965896665601858,0.099988232771787,0.0930349371720278,1.0,-0.0338744915949294,0.1665328992672267,8,CatBoost,Sr_Ca_measurement,137,Kinderlinskaya cave
644,-10.654623281815594,0.4093607368530651,0.4266640004842421,0.4022082877503894,0.9891304347826086,0.8171860991917852,0.4430191876213499,9,CatBoost,Sr_Ca_measurement,144,Botuverá cave
1477,-29.158585195139324,0.0270819528472769,0.0343544078298303,0.0210394471691085,0.7339201083276913,0.0427080633400946,0.0289767982186844,10,CatBoost,Sr_Ca_measurement,177,Santo Tomas cave
1595,-43.4459819510158,0.0330748322193877,0.0334824721740385,0.0337519029290523,0.9993730407523512,0.4629608411036974,-0.0017300990362388,11,CatBoost,Sr_Ca_measurement,179,Closani cave
116,-1423.4602972146984,0.4504574348981693,0.4521243160854746,0.4576613631575913,1.0,-0.1081447750399558,0.1304190452856893,12,CatBoost,Sr_Ca_measurement,182,Kotumsar cave
44,-2.218958958100973,0.0258957706886763,0.0296844107659656,0.0240841355440733,0.8409090909090909,0.5923408853312755,0.0416081883502249,13,CatBoost,Sr_Ca_measurement,201,Moondyne cave
255,-204.21928401864508,0.2571549876982716,0.2587231230828773,0.2600802732894208,1.0,-0.3063608720433531,0.3017857116150585,14,CatBoost,Sr_Ca_measurement,232,Rio Secreto cave system
244,-24.770996170615454,0.0139226601202705,0.0144202665591439,0.0141243478456256,0.971311475409836,-0.0237056511759458,0.0187972374922957,15,CatBoost,Sr_Ca_measurement,259,Cobre cave
119,-90.8337562231102,0.0531049392990682,0.0568590632494345,0.050678654609267,1.0,0.0981053269572744,0.0167855434487579,16,CatBoost,Sr_Ca_measurement,268,Pere Noel cave
424,-85.66618320064752,0.1341186477672541,0.1363502690321924,0.1347959259141201,1.0,0.0509486890526228,0.0819780500391456,17,CatBoost,Sr_Ca_measurement,269,Gejkar cave
213,-16.44619674666886,0.1195288004573328,0.1222078961107933,0.1189243719200041,1.0,1.2936624020587943,-0.1914271500818829,18,CatBoost,Sr_Ca_measurement,270,Gol-E-Zard cave
131,-445.8968337072656,0.0692189834291311,0.0701870126887508,0.070260547969864,1.0,0.0202239033100927,0.020129554481589,19,CatBoost,Sr_Ca_measurement,271,Jersey cave
43,-3.860852450615489,0.1058425520124949,0.1236068504584203,0.136576067844977,0.8837209302325582,-0.4381334127584609,0.1693031265476729,20,CatBoost,Sr_Ca_measurement,298,Belum cave
79,-1.9596904480788648,0.0660219903634463,0.0786714531771202,0.0780870424786024,0.7215189873417721,-9.21373117319328,0.7918312325213519,21,CatBoost,Sr_Ca_measurement,300,Careys cave
377,-45.36517773813829,0.037340503774349,0.0406968481023027,0.0354135860055016,0.9681697612732096,-0.0218930387610677,0.0286191324644962,22,CatBoost,Sr_Ca_measurement,305,Cueva Rosa
86,-186203.0921417864,0.0462211991076373,0.0465703744425012,0.0459889440662217,1.0,-0.0030547518219987,0.0004508617872739,23,CatBoost,Sr_Ca_measurement,309,Goda Mea cave
90,-29133.888823980666,0.0281081665442341,0.028117105883148,0.0282858936852665,1.0,-0.0563315416472927,0.0036105380612324,24,CatBoost,Sr_Ca_measurement,313,Herbstlabyrinth cave
46,-0.1576341312927465,0.0082634856835038,0.0099408935367134,0.0081336436315952,0.4565217391304347,-0.5289631813919974,0.0948390395346712,25,CatBoost,Sr_Ca_measurement,315,Huangchao cave
662,-0.5762806565033489,0.3553546308492215,0.5421376699683512,0.0294336690677875,0.4123867069486405,17.494760516160625,-0.5722329231090655,26,CatBoost,Sr_Ca_measurement,316,Hüttenbläserschachthöhle
27,-5.37258483682056,0.4613414858575989,0.5162443402303591,0.4209556770615906,1.0,-4.597469354416829,1.4173586417055497,27,CatBoost,Sr_Ca_measurement,320,Katalekhor
125,-14.30561929210278,0.0773084224489017,0.0802246142619001,0.076605763011482,0.984,0.260228489465353,0.1026126812050586,28,CatBoost,Sr_Ca_measurement,324,La Vallina
1880,-5.160145878330511,0.0135772667270527,0.0159754334602234,0.0132193605922002,0.7058510638297872,-0.1025599119724011,0.0699826911711864,29,CatBoost,Sr_Ca_measurement,325,Larga cave
99,-0.3812065163718376,0.0449314160180059,0.0550602433269584,0.0351909239753118,0.2525252525252525,0.0145965673561847,0.221796895899107,30,CatBoost,Sr_Ca_measurement,337,Pir Ghar cave
76,-44.99940550303855,0.0362439988629167,0.0380391345900155,0.0328970070627048,1.0,-0.1484653591804382,0.0149486691733252,31,CatBoost,Sr_Ca_measurement,338,Coves del pirata
930,-0.2114597367768591,0.0262774644855031,0.0335015036878043,0.0219557508387817,0.2451612903225806,0.3174056154793177,0.0601651712198274,32,CatBoost,Sr_Ca_measurement,342,Sa balma des quartó cave
182,-52.24717050638037,0.2446250094188571,0.2461321341292746,0.2395236815970605,1.0,1.2457466227017415,0.2086179633324682,33,CatBoost,Sr_Ca_measurement,357,Yonderup cave
251,-653.3798552314023,0.1183662198699825,0.1246325753164848,0.1210228468064702,1.0,0.0842703424697073,0.0272547627644027,34,CatBoost,Sr_Ca_measurement,359,Zoolithen cave
688,-2.900021177074875,0.0184543833995061,0.0214657282632531,0.0186349047285525,0.5973837209302325,0.2926506411366271,0.0236404076023531,35,CatBoost,Sr_Ca_measurement,360,Bigonda cave
317,-691.6922687871437,0.0571080100325284,0.0571875959093442,0.057382357137354,1.0,0.1768356932568774,0.0068042887210062,36,CatBoost,Sr_Ca_measurement,361,Kocain cave
124,-151.6282394663436,0.0869828458404089,0.0873246389358249,0.0860725354018228,1.0,0.2733144271546839,0.0292212577658489,37,CatBoost,Sr_Ca_measurement,362,Labyrinth cave
941,-32.12662177607577,0.0133173475580721,0.0159274450253924,0.0108524344205827,0.9383634431455898,-0.003378407047318,0.0162104859314242,38,CatBoost,Sr_Ca_measurement,363,Lake Shasta cave
390,-15.356270589546837,0.8409031491036426,0.8694139130624816,0.8696076315143728,0.9974358974358974,0.0836803543796571,1.5578977173265351,39,CatBoost,Sr_Ca_measurement,364,Naharon
574,-842.0181128512759,0.1948852326886866,0.1951683623209733,0.1942757663719639,1.0,0.2829516871501676,-0.0216573950431762,40,CatBoost,Sr_Ca_measurement,366,Savi cave
544,-120.20973336253024,0.6017094508999085,0.8622135024148956,0.2131366103766174,0.5919117647058824,0.0305547648958458,0.1523434548000838,0,BiLSTM,Sr_Ca_measurement,2,Kesang cave
116,-119.00744523907228,0.050214888290401,0.0566973774154417,0.0458444003653709,0.9827586206896552,-0.0448580643865661,0.0212183727880115,1,BiLSTM,Sr_Ca_measurement,4,Villars cave
72,-91917407.64497107,0.1293169914798339,0.1293799199559503,0.1286943484091758,1.0,-0.0013151833470751,0.0002844897205408,2,BiLSTM,Sr_Ca_measurement,14,Lehman caves
812,-4.315741642801799,0.1025792134835734,0.1206930433721482,0.1163043447092089,0.5381773399014779,-0.6389552730726349,0.4302835236270838,3,BiLSTM,Sr_Ca_measurement,29,Mairs cave
1168,-8.986958624928775,1.660907195749603,1.7509923038974449,1.5578429015725852,1.0,-16.423086405646522,2.669453223450774,4,BiLSTM,Sr_Ca_measurement,70,Abaco Island cave
518,-7.854203284476171,0.0141851038251144,0.019401886599989,0.0106498067140579,0.2702702702702703,0.0897403685636536,0.0444896576953712,5,BiLSTM,Sr_Ca_measurement,79,Dim cave
234,-176.5594649210526,0.0392779816301969,0.0394174517016929,0.0390553372263908,1.0,0.1933217319343804,-0.000799608534453,6,BiLSTM,Sr_Ca_measurement,104,Liang Luar
1004,-3.012970584663555,0.0240938811249237,0.0281018783281825,0.0237128994772979,0.6792828685258964,0.1938781925305317,0.0626202592962895,7,BiLSTM,Sr_Ca_measurement,117,Bunker cave
287,-35.127951542823446,0.141130883409127,0.1428975523413634,0.1355966716088918,1.0,1.7130094462335188,0.1246529831909809,8,BiLSTM,Sr_Ca_measurement,137,Kinderlinskaya cave
644,-15.936150120297686,0.4996141281735416,0.5143328086077343,0.4928226522994041,1.0,7.448362675237812,-0.1056279054174639,9,BiLSTM,Sr_Ca_measurement,144,Botuverá cave
1477,-12456.529980518106,0.5425637216829592,0.6982210784334103,0.4347684947776794,1.0,0.0048966025958638,0.0286131488236732,10,BiLSTM,Sr_Ca_measurement,177,Santo Tomas cave
1595,-286.824529936782,0.0818600612835518,0.0852050166852702,0.0726171976375579,1.0,0.1217861907235207,0.0122414734475836,11,BiLSTM,Sr_Ca_measurement,179,Closani cave
116,-3366.267282727756,0.683018345626287,0.6951387292319573,0.694539385246117,1.0,-0.0665611912809905,0.124100950181717,12,BiLSTM,Sr_Ca_measurement,182,Kotumsar cave
44,-197.0006515801826,0.2317074902337779,0.2328112821548988,0.2349851494441265,1.0,0.1079542665703012,0.09814852140716,13,BiLSTM,Sr_Ca_measurement,201,Moondyne cave
255,-492.4945558232627,0.321105788915765,0.4012059304563756,0.2945058681964874,0.8431372549019608,-0.0056019258540029,0.1734493293955867,14,BiLSTM,Sr_Ca_measurement,232,Rio Secreto cave system
244,-2.1442144509864858,0.0041040265464374,0.0050369050592666,0.0035730725194115,0.1967213114754098,-0.1763607956737193,0.0218176069398475,15,BiLSTM,Sr_Ca_measurement,259,Cobre cave
119,-7.084181806473245,0.0150214592629899,0.016870057474171,0.0160503392356848,0.680672268907563,0.2271872573251385,0.015697058589733,16,BiLSTM,Sr_Ca_measurement,268,Pere Noel cave
424,-2.834152410138884,0.0221666012528578,0.0286791219110761,0.017721054877758,0.320754716981132,0.0431472711133149,0.0901171231440925,17,BiLSTM,Sr_Ca_measurement,269,Gejkar cave
213,-4.330574093298264,0.0553804826980196,0.0675516368186891,0.0494978141337034,0.8028169014084507,-0.86485839566221,0.2793959717230743,18,BiLSTM,Sr_Ca_measurement,270,Gol-E-Zard cave
131,-611.2762822298918,0.0742612628566703,0.082153645129503,0.0903068308949398,0.9083969465648856,0.048394282681188,0.0173166008606157,19,BiLSTM,Sr_Ca_measurement,271,Jersey cave
43,-40.057071016244414,0.3264022459657963,0.3592363733340305,0.274462204579495,1.0,-0.2485724960737634,0.1889461108544712,20,BiLSTM,Sr_Ca_measurement,298,Belum cave
79,-0.2775986101541075,0.0392080262736547,0.0516881802102854,0.023988829169792,0.569620253164557,-17.25856519693788,2.817125306686343,21,BiLSTM,Sr_Ca_measurement,300,Careys cave
377,-134.53440596031842,0.0682208247288176,0.0695808274488407,0.0693997708476405,1.0,0.1069595185249809,0.0169998645600097,22,BiLSTM,Sr_Ca_measurement,305,Cueva Rosa
86,-252199.9935569108,0.0541863955259567,0.0541986558357725,0.0544731597413063,1.0,0.029035959636926,-0.001273593684515,23,BiLSTM,Sr_Ca_measurement,309,Goda Mea cave
90,-101967.59910202958,0.0525974233253681,0.0526013826774765,0.0527465108234863,1.0,-0.0182662078928872,0.0029148675851311,24,BiLSTM,Sr_Ca_measurement,313,Herbstlabyrinth cave
46,-0.557210580028694,0.0099025435586597,0.0115295785938006,0.0099329294848442,0.6956521739130435,8.161865173804317,-0.5019231195173417,25,BiLSTM,Sr_Ca_measurement,315,Huangchao cave
662,-0.552355635009325,0.3498364170070754,0.5380076154367173,0.0223663917750645,0.4123867069486405,16.671586851707637,-0.603963996443978,26,BiLSTM,Sr_Ca_measurement,316,Hüttenbläserschachthöhle
27,-5.390162037624974,0.4714392426140718,0.5169558161928185,0.4058879443027008,1.0,-12.101904907286928,2.576873103918232,27,BiLSTM,Sr_Ca_measurement,320,Katalekhor
125,-16.84797054632544,0.0838876858141367,0.0866316536816887,0.0829613133575706,1.0,-0.2528344791068989,0.1184987949693885,28,BiLSTM,Sr_Ca_measurement,324,La Vallina
1880,-10.489491676113923,0.0193617164669518,0.0218176293620537,0.0200914514064788,0.523936170212766,-0.1375745469703166,0.0718502979972917,29,BiLSTM,Sr_Ca_measurement,325,Larga cave
99,-1.7463714844727742,0.0645988153334204,0.0776405239639552,0.0580604432108909,0.7474747474747475,-0.4347939163568649,0.2968081660084499,30,BiLSTM,Sr_Ca_measurement,337,Pir Ghar cave
76,-35.0241409462726,0.0312368258093493,0.0336628851274779,0.0273732208484307,1.0,-0.1379246408578181,0.0137882057183391,31,BiLSTM,Sr_Ca_measurement,338,Coves del pirata
930,0.3441160909116708,0.0194329830601859,0.0246503617043515,0.0155761977497105,0.2150537634408602,0.9924344490285176,0.0098588844329278,32,BiLSTM,Sr_Ca_measurement,342,Sa balma des quartó cave
182,-76.11310382509595,0.2950091545617526,0.2961993778038893,0.2936886144645441,1.0,1.549310047660965,0.2422002026561542,33,BiLSTM,Sr_Ca_measurement,357,Yonderup cave
251,-1489.2611362192158,0.1794927793347653,0.1880822434058162,0.1827058468506057,1.0,0.0377702232940463,0.0323405318280338,34,BiLSTM,Sr_Ca_measurement,359,Zoolithen cave
688,-137.789559135442,0.124806867248577,0.1280532315444472,0.1161017446970693,1.0,0.1187350655089653,0.0096256921392775,35,BiLSTM,Sr_Ca_measurement,360,Bigonda cave
317,-50.04682376488697,0.0142956914918095,0.0155244431686486,0.0159812683222592,0.9873817034700316,-0.2103703326317256,0.0278597128700478,36,BiLSTM,Sr_Ca_measurement,361,Kocain cave
124,-92.937156249803,0.0675159579313106,0.0685074899372398,0.0667856442450424,1.0,0.0632424685929089,0.064044944836904,37,BiLSTM,Sr_Ca_measurement,362,Labyrinth cave
941,-166.6175541356994,0.0297831940998968,0.0358275647664467,0.0254277902034726,0.8756641870350691,-0.0301151838357217,0.017481362736464,38,BiLSTM,Sr_Ca_measurement,363,Lake Shasta cave
390,-54.08536128612571,1.5817983045333837,1.5955210694351714,1.5864388055719618,1.0,5.231282035027784,1.405874475831862,39,BiLSTM,Sr_Ca_measurement,364,Naharon
574,-3.045897723665946,0.0117187835086109,0.0135206762873125,0.0117948224966886,0.6498257839721254,0.4520395181976788,0.0203487665003219,40,BiLSTM,Sr_Ca_measurement,366,Savi cave
544,-6.9230123948902325,0.117636483087116,0.2204404248886839,0.0392552194109095,0.2647058823529412,0.0845965988741198,0.1524918067362604,0,Transformer,Sr_Ca_measurement,2,Kesang cave
116,-629.4926753794734,0.1064087358849911,0.1299567668949235,0.0851959756866675,0.9827586206896552,-0.0196111464713376,0.0205943558215854,1,Transformer,Sr_Ca_measurement,4,Villars cave
72,-44206262.00024624,0.0897179541645513,0.0897242617445366,0.0900600630784034,1.0,0.0048634858084811,-0.0003226338287584,2,Transformer,Sr_Ca_measurement,14,Lehman caves
812,-16.523139529332344,0.1646369752091351,0.2191322336119915,0.1131801307953038,0.7598522167487685,-0.2139830485483204,0.3942064729545084,3,Transformer,Sr_Ca_measurement,29,Mairs cave
1168,-9.12625796585886,1.6740700025711055,1.7631615455295626,1.5734957276284696,1.0,1.746429842663941,1.640687565787725,4,Transformer,Sr_Ca_measurement,70,Abaco Island cave
518,-77.51942575565236,0.0374135920819168,0.0577773707755451,0.0194284618377685,0.5521235521235521,0.0416235603788047,0.0464044395284308,5,Transformer,Sr_Ca_measurement,79,Dim cave
234,-290.19990287116235,0.050220442838088,0.0504791743940928,0.0515168490052223,1.0,-0.0764457620341863,0.0129047454209167,6,Transformer,Sr_Ca_measurement,104,Liang Luar
1004,-9.943422825669137,0.0392671272057242,0.0464065145056225,0.0326747705455155,0.9243027888446216,-0.0674495587620683,0.0743953987198633,7,Transformer,Sr_Ca_measurement,117,Bunker cave
287,-45.33700681360412,0.159934630163411,0.1618330090902112,0.1570242275382822,1.0,0.2134040092927531,0.1633221896162524,8,Transformer,Sr_Ca_measurement,137,Kinderlinskaya cave
644,-7.800470506185597,0.3416283988971406,0.3707573991019098,0.350572235379219,0.8509316770186336,0.3400625467014396,0.5073579636697964,9,Transformer,Sr_Ca_measurement,144,Botuverá cave
1477,-133.38642398080273,0.0546638138409684,0.0725194804024645,0.0459675117444992,0.8916723087339201,0.0175865017262793,0.0299184706138381,10,Transformer,Sr_Ca_measurement,177,Santo Tomas cave
1595,-173.1506102254195,0.0657289014615303,0.066277140711911,0.0645572289705276,1.0,0.2679968878274312,0.0008979438711031,11,Transformer,Sr_Ca_measurement,179,Closani cave
116,-517.0794560837902,0.2706210072277152,0.2726659301666809,0.2752552796646783,1.0,-0.0400442833919758,0.0875201462679503,12,Transformer,Sr_Ca_measurement,182,Kotumsar cave
44,-17.122767496885285,0.0659314477967663,0.0704341004360358,0.0670147610887446,0.9090909090909092,0.114444146828273,0.1147208251270069,13,Transformer,Sr_Ca_measurement,201,Moondyne cave
255,-28.362473096154357,0.0960798369856441,0.0978638905260538,0.0967225922346115,1.0,0.2644653223823333,0.1509698812067603,14,Transformer,Sr_Ca_measurement,232,Rio Secreto cave system
244,-36.51338772565457,0.0172324066866568,0.0173980601546302,0.0172483725820606,1.0,1.1623160800895287,0.016997949832019,15,Transformer,Sr_Ca_measurement,259,Cobre cave
119,-78.42226009633933,0.0455743118323513,0.0528773457458445,0.0381197260053551,0.9747899159663864,0.0648593273682631,0.0198503056101636,16,Transformer,Sr_Ca_measurement,268,Pere Noel cave
424,-1.8005834331771875,0.0194263232902499,0.0245106834744184,0.0163205606009776,0.4033018867924528,-0.0736951078961663,0.0994495021364342,17,Transformer,Sr_Ca_measurement,269,Gejkar cave
213,-12.13626864237559,0.1020859310922264,0.1060437055784241,0.1039665463717935,1.0,4.857745957531304,0.0125144001582876,18,Transformer,Sr_Ca_measurement,270,Gol-E-Zard cave
131,-9.47831223368412,0.0087262064021027,0.0107472855293695,0.0076511739159737,0.4274809160305343,0.1491306728613962,0.0180937163251289,19,Transformer,Sr_Ca_measurement,271,Jersey cave
43,-43.11850231714341,0.3574254489062715,0.3723888783023363,0.3915031898296655,1.0,-0.7005947645647849,0.3972530171179416,20,Transformer,Sr_Ca_measurement,298,Belum cave
79,-3.002666978029742,0.0732924032739827,0.0914889737400221,0.0444719966921494,0.8987341772151899,-2.765856190379969,0.7034961906016832,21,Transformer,Sr_Ca_measurement,300,Careys cave
377,-34.64278437634261,0.029595902672934,0.0356821177771212,0.0289840566186737,0.6737400530503979,0.0362878131339084,0.0252243720322183,22,Transformer,Sr_Ca_measurement,305,Cueva Rosa
86,-86533.71049517565,0.0316154779265337,0.0317475555537913,0.0324754111508369,1.0,-0.0058867244575499,0.0004966534013375,23,Transformer,Sr_Ca_measurement,309,Goda Mea cave
90,-21053.546204346723,0.0238999104470561,0.0239021449871106,0.0239730791067676,1.0,-0.1444246933658864,0.0056479548298745,24,Transformer,Sr_Ca_measurement,313,Herbstlabyrinth cave
46,-13.074134958180558,0.0334065691615705,0.034661760477966,0.0350194350004196,1.0,-2.253846414679843,0.2764545497820628,25,Transformer,Sr_Ca_measurement,315,Huangchao cave
662,-0.4113178236661332,0.3379320379451102,0.5129856600004116,0.0392010618555571,0.4123867069486405,6.126939874517288,-0.0254550374492334,26,Transformer,Sr_Ca_measurement,316,Hüttenbläserschachthöhle
27,-7.023727166494012,0.5410488250382356,0.5792760416669489,0.4740917064763534,1.0,-17.31217455829338,2.2090533904054026,27,Transformer,Sr_Ca_measurement,320,Katalekhor
125,-19.28123943948601,0.0901288496043627,0.092348411709527,0.0901406747880178,1.0,0.7203513042109138,0.0961091589800505,28,Transformer,Sr_Ca_measurement,324,La Vallina
1880,-22.59848753865494,0.0278992379438369,0.031267937623779,0.029740198791027,0.477127659574468,-0.083958925228901,0.0674813661022233,29,Transformer,Sr_Ca_measurement,325,Larga cave
99,-6.475855657065343,0.1189394949960618,0.1280970920147048,0.1048627287269347,1.0,-0.5516419670180804,0.2833281867146152,30,Transformer,Sr_Ca_measurement,337,Pir Ghar cave
76,-6.939355019413988,0.0136673384205378,0.0158032761722658,0.0129612624835949,0.8552631578947368,-0.2949215602233965,0.0148138987795194,31,Transformer,Sr_Ca_measurement,338,Coves del pirata
930,-14.956583773182604,0.1154225714718927,0.1215849348312756,0.1150892181559327,0.9204301075268816,0.3540129593773662,0.0163974629592151,32,Transformer,Sr_Ca_measurement,342,Sa balma des quartó cave
182,-73.15426927197646,0.2890296396864978,0.2904612016715628,0.2871799224336263,1.0,3.153565354590756,0.0691153182869137,33,Transformer,Sr_Ca_measurement,357,Yonderup cave
251,-13269.468784704564,0.5574717003900841,0.5612543768247594,0.5659961604102668,1.0,0.0285756062894114,0.0235637348857135,34,Transformer,Sr_Ca_measurement,359,Zoolithen cave
688,-195.65737599567265,0.1057708256000817,0.1524288821443795,0.0752563532126846,0.9912790697674418,0.017266620591281,0.0254328841728746,35,Transformer,Sr_Ca_measurement,360,Bigonda cave
317,-7.245673623922661,0.0058698498337119,0.0062394274597913,0.0056900094250836,0.9747634069400632,0.5554309567663892,0.0058685748279324,36,Transformer,Sr_Ca_measurement,361,Kocain cave
124,-269.8930398543196,0.1153245478858407,0.1163371109556205,0.1128523924093628,1.0,0.0862557172789372,0.0566891342548905,37,Transformer,Sr_Ca_measurement,362,Labyrinth cave
941,-129.52821228647574,0.027721284608286,0.0316162047282375,0.028752712543785,0.922422954303932,-0.0585584812998919,0.0186771033284884,38,Transformer,Sr_Ca_measurement,363,Lake Shasta cave
390,-40.05022597407677,1.3610649221524582,1.3773433565373976,1.365456612682863,1.0,2.6418590347545345,0.9303883225096252,39,Transformer,Sr_Ca_measurement,364,Naharon
574,-14.25366356715075,0.0234575174972837,0.0262529460876206,0.0231281509670343,0.8797909407665505,0.0663408572978937,0.0451104765581593,40,Transformer,Sr_Ca_measurement,366,Savi cave
